-- Generado automáticamente desde /seed-source/*.json — ver supabase/seed-pendientes.md
-- para todo lo que quedó fuera o sin resolver.
-- No editar a mano sin actualizar también el script de generación si se vuelve a correr.

begin;

-- ============================================================
-- 1. Categorias
-- ============================================================
insert into categorias (id, nombre) values
  ('c9dcfb9c-2285-424e-a0e1-f3337bfbbdea', 'Aluminio'),
  ('ccc0a387-f846-4b7a-aca0-3c41ef326b5e', 'Cristal Templado'),
  ('418b9d8a-dd8a-4ff9-a5de-52db1c146ffe', 'Persianas'),
  ('35fc15a4-2286-4c59-ac87-e1dcb305015d', 'Barandales');

-- ============================================================
-- 2. Series (Línea/Serie unificada, id estable)
-- ============================================================
insert into series (id, categoria_id, nombre) values
  ('91352714-db15-4371-ae8b-e4ec8fc343bb', 'ccc0a387-f846-4b7a-aca0-3c41ef326b5e', 'Cancel Bacalar 180° corredizo 9.5mm'),
  ('c221e464-9bf9-454e-a023-e4f6dad154e3', 'c9dcfb9c-2285-424e-a0e1-f3337bfbbdea', 'Cancel Baño Aluminio 180° 1 hojas corrediza 1 hoja fija'),
  ('e20d7242-79ce-436b-aa48-74b0c50e50ed', 'c9dcfb9c-2285-424e-a0e1-f3337bfbbdea', 'Cancel Baño Aluminio 180° 2 hojas corredizas'),
  ('a9f9ae78-593e-4a25-ac17-6660a35a561b', 'c9dcfb9c-2285-424e-a0e1-f3337bfbbdea', 'Cancel Baño Aluminio 90°'),
  ('51d0b5b8-ee13-4916-ab98-6c0429a7c207', 'ccc0a387-f846-4b7a-aca0-3c41ef326b5e', 'Cancel abatible 135° 9.5mm'),
  ('1650f925-751d-415d-ac2b-9b28d62ccfb9', 'ccc0a387-f846-4b7a-aca0-3c41ef326b5e', 'Cancel abatible 180° 9.5mm'),
  ('abf1ed0d-1ba2-4dde-aa8f-34eefeef545b', 'ccc0a387-f846-4b7a-aca0-3c41ef326b5e', 'Cancel abatible 90° 9.5mm'),
  ('acf512a0-4686-4a2c-a229-831b443faab8', 'c9dcfb9c-2285-424e-a0e1-f3337bfbbdea', 'Mosquitero'),
  ('0b094bd4-addd-4e0e-a949-6aff2a5984d4', 'c9dcfb9c-2285-424e-a0e1-f3337bfbbdea', 'Puerta 3 Pulgadas'),
  ('7abe7bc1-483a-4dd5-abd2-8781f9d78385', 'c9dcfb9c-2285-424e-a0e1-f3337bfbbdea', 'Puerta 4 Pulgadas'),
  ('a0f0c6da-fa70-4f92-aba8-f0324a9e4a8d', 'c9dcfb9c-2285-424e-a0e1-f3337bfbbdea', 'Puerta S1400 1 hoja'),
  ('18b9d136-e2b9-4b87-a227-149fa372b2c3', 'c9dcfb9c-2285-424e-a0e1-f3337bfbbdea', 'Puerta S1400 2 Hojas'),
  ('374b94b9-8c62-4c3b-ad9b-f2393a1eaf65', 'c9dcfb9c-2285-424e-a0e1-f3337bfbbdea', 'V 2 Pulgadas Corredizo 1 hojas corredizas y 1 hoja fija'),
  ('bc64dba6-dec8-4ca6-a9e1-a8299ef04ab0', 'c9dcfb9c-2285-424e-a0e1-f3337bfbbdea', 'V 2 Pulgadas Corredizo 2 hojas corredizas'),
  ('8018bfba-325e-4002-ac4b-39512921e704', 'c9dcfb9c-2285-424e-a0e1-f3337bfbbdea', 'V 2 Pulgadas Corredizo 2 hojas corredizas Laterales y 1 hoja fija central'),
  ('fe0eb10a-9776-44e5-a2a3-c7da413cd053', 'c9dcfb9c-2285-424e-a0e1-f3337bfbbdea', 'V 2 Pulgadas Corredizo 2 hojas corredizas centrales y 2 hoja fija laterales'),
  ('52281f3d-1788-41cb-a897-83b20bb7eddb', 'c9dcfb9c-2285-424e-a0e1-f3337bfbbdea', 'V 2 Pulgadas Fijo'),
  ('0a101d34-6843-44f8-a6d7-d6a13f650153', 'c9dcfb9c-2285-424e-a0e1-f3337bfbbdea', 'V 2 Pulgadas Fijo inferior o superior'),
  ('0d76effb-e393-426f-ab8c-9866a708f458', 'c9dcfb9c-2285-424e-a0e1-f3337bfbbdea', 'V 3 Pulgadas Corredizo 1 hojas corredizas y 1 hoja fija'),
  ('72ac55cc-297a-4fc0-ac2e-1a9c343e56df', 'c9dcfb9c-2285-424e-a0e1-f3337bfbbdea', 'V 3 Pulgadas Corredizo 2 hojas corredizas'),
  ('55c93152-e775-45b2-aa59-152961d92bed', 'c9dcfb9c-2285-424e-a0e1-f3337bfbbdea', 'V 3 Pulgadas Corredizo 2 hojas corredizas Laterales y 1 hoja fija central'),
  ('30a1d3a4-14ac-40df-abbd-61dff273d546', 'c9dcfb9c-2285-424e-a0e1-f3337bfbbdea', 'V 3 Pulgadas Corredizo 2 hojas corredizas centrales y 2 hoja fija laterales'),
  ('8f40e9ef-3474-4774-a51e-155e1be0fd68', 'c9dcfb9c-2285-424e-a0e1-f3337bfbbdea', 'V 3 Pulgadas Fijo'),
  ('d7952100-e9c7-4b34-a612-0be334f6cfdb', 'c9dcfb9c-2285-424e-a0e1-f3337bfbbdea', 'V 3 Pulgadas Fijo  inferior o superior'),
  ('c680ca95-c91c-45b1-a0bd-354b4b6ae3a4', 'c9dcfb9c-2285-424e-a0e1-f3337bfbbdea', 'V 3 Pulgadas Fijo inferior o superior'),
  ('68fcd720-8d60-47f6-a372-2aa54f7c66c3', 'c9dcfb9c-2285-424e-a0e1-f3337bfbbdea', 'V S1400 1 Hoja proyeccion'),
  ('61844654-2df7-42ac-a8ee-ad13947861cb', 'c9dcfb9c-2285-424e-a0e1-f3337bfbbdea', 'V S1400 2 hojas proyeccion'),
  ('5f2d623d-6964-4faa-a337-7ab8f233f9a7', 'c9dcfb9c-2285-424e-a0e1-f3337bfbbdea', 'V S1400 Fijo'),
  ('07aa3c36-7295-4ed5-ae83-9e68716d6b71', 'c9dcfb9c-2285-424e-a0e1-f3337bfbbdea', 'V S4600 2 hojas corredizas'),
  ('0b7e75f2-05b5-4cb8-a92d-e4321fdfb1c9', 'c9dcfb9c-2285-424e-a0e1-f3337bfbbdea', 'V S4600 2 hojas corredizas 1 hoja fija'),
  ('e3d9917b-5b71-49db-a968-116779cf1e71', 'c9dcfb9c-2285-424e-a0e1-f3337bfbbdea', 'V S4600 2 hojas corredizas 2 hoja fija'),
  ('37fa14d3-473a-4976-a660-d8ca35b94d2f', 'c9dcfb9c-2285-424e-a0e1-f3337bfbbdea', 'V S4600 Fijo'),
  ('8d45976d-b707-4bd0-aa2b-66e07d5004ed', 'c9dcfb9c-2285-424e-a0e1-f3337bfbbdea', 'cancel para baño 180° 6mm 2 hojas corredizas'),
  ('23b4791a-dca2-4520-a1de-e44e2d27cb48', 'c9dcfb9c-2285-424e-a0e1-f3337bfbbdea', 'cancel para baño 6mm 180° 1 Hoja corrediza 1 hoja fija'),
  ('05d5f562-8f1e-4232-a34a-91780fbdb24e', 'c9dcfb9c-2285-424e-a0e1-f3337bfbbdea', 'cancel para baño 6mm 90° 2 Hojas corredizas 2 hojas fijas'),
  ('c1d216c1-8477-4534-aaa6-41cb0f264743', '418b9d8a-dd8a-4ff9-a5de-52db1c146ffe', 'Persiana Enrollable');

-- ============================================================
-- 3. Aluminio: perfiles + precios por acabado
-- ============================================================
insert into aluminio_perfiles (id, descripcion, longitud_tramo, origen) values
  ('46e60b46-bada-401a-afbd-bcc6b2098031', 'Adaptador Oxxo 2 Pulgadas', 6.1, 'Nacional'::origen_enum),
  ('90d1ffdc-5e0e-442a-af41-6b8330bcf992', 'Adaptador Oxxo 3 Pulgadas', 6.1, 'Nacional'::origen_enum),
  ('0ecb0a95-f56e-454d-a578-f093c7e3ac18', 'Angulo 1 pulgada', 6.1, 'Nacional'::origen_enum),
  ('96227d89-b56b-4ade-a166-d4c105fb5048', 'Batiente 2 venas', 6.1, 'Nacional'::origen_enum),
  ('5c382cdd-3782-45d2-a884-4b865b6d459a', 'Batiente de Lujo sin venas', 6.1, 'Nacional'::origen_enum),
  ('0177f798-f858-4685-addf-a2bbab0c5f3d', 'Cerco Fijo S4600', 6.1, 'Español'::origen_enum),
  ('eb80d9ab-5ea9-4a10-a0de-06c407a0f21a', 'Cerco Inferior S3500', 6.1, 'Español'::origen_enum),
  ('c8c650e6-0a5b-48f7-a92b-4e363a78128d', 'Cerco Lateral S3500', 6.1, 'Español'::origen_enum),
  ('b868e2b5-4749-4957-aa6c-17ca75bfe52c', 'cerco liso Puerta', 6.1, 'Español'::origen_enum),
  ('6aa09463-6e84-4e87-a062-b6aca5474900', 'Cerco Liso Ventana', 6.1, 'Español'::origen_enum),
  ('3e2ce1db-8ff6-4805-ab4f-66cd4ff07965', 'cerco Perimetral', 6.1, 'Español'::origen_enum),
  ('fbfada9c-dbca-4ec2-a827-36be1a6f5c68', 'Cerco Superior S3500', 6.1, 'Español'::origen_enum),
  ('a1e26169-5265-47c2-a381-05494908079d', 'Chambrana 2 Pulgadas', 6.1, 'Nacional'::origen_enum),
  ('10be4ff0-1428-42d5-a2d1-ec80fcf97244', 'Chambrana 3  Pulgadas', 6.1, 'Nacional'::origen_enum),
  ('030decb7-d3c9-4fe2-a248-fa260a28a2c8', 'Duela lisa 5 Pulgadas', 6.1, 'Nacional'::origen_enum),
  ('0cee62d4-cbd9-4349-a375-2a8ef872c293', 'Escalonado 2 Pulgadas', 6.1, 'Nacional'::origen_enum),
  ('4cd6f370-2e6b-47e4-aeda-67c79ba8c94c', 'Escalonado 3  Pulgadas', 6.1, 'Nacional'::origen_enum),
  ('07b6f362-72e0-42ca-aa91-a09fb4154cac', 'Guia baño inferior', 6.1, 'Nacional'::origen_enum),
  ('f5a46c4d-37f2-4a54-a229-0912206e0209', 'Guia Inferior Mosquitero', 6.1, 'Español'::origen_enum),
  ('ee948736-39df-4f10-ac83-6c1606cb2645', 'Hoja Central S3500', 6.1, 'Español'::origen_enum),
  ('3ee9d90b-3db2-4caa-ad3b-5bd151c84d00', 'Hoja de Ruedas S3500', 6.1, 'Español'::origen_enum),
  ('ea5c38c0-32e9-44f5-a20c-2525f92ef46f', 'Hoja Lateral S3500', 6.1, 'Español'::origen_enum),
  ('b1082a1c-7526-484b-a26a-f2371d8a58ff', 'Hoja Lisa Puerta', 6.1, 'Español'::origen_enum),
  ('5b24dbc0-8554-4bbe-a0a6-d7983f664f70', 'Hoja Lisa Ventana', 6.1, 'Español'::origen_enum),
  ('a1a3fe17-96e1-4fe6-aa3c-fcb494b7f93c', 'Hoja Perimetral', 6.1, 'Español'::origen_enum),
  ('eee94abe-40b6-4b14-a866-4032d4de7818', 'Intermedio 3 Pulgadas', 6.1, 'Nacional'::origen_enum),
  ('429e297f-2fe5-40fe-a448-901339986609', 'Jamba lateral baño Semilujo', 5.7, 'Nacional'::origen_enum),
  ('85fdebcb-7c20-40bf-a4e5-c9b800e067e8', 'Junquillo 2 Pulgadas', 6.1, 'Nacional'::origen_enum),
  ('c275d697-54da-4026-a4f9-c53c48c29cd4', 'Junquillo 3  Pulgadas', 6.1, 'Nacional'::origen_enum),
  ('4927e3f9-4de3-4e4e-ac6e-817228c5224f', 'Junquillo Ancho (para uso en Cerco,hoja, Pilastra puerta y ventana)', 6.1, 'Español'::origen_enum),
  ('6b19b279-f006-4f2b-a0e4-5393cf68551c', 'Junquillo S4600', 6.1, 'Español'::origen_enum),
  ('8c70c209-c294-4bed-aabf-fc17cfdf547e', 'Marco semilujo', 6.1, 'Nacional'::origen_enum),
  ('f0237257-8ca0-4f5d-ac20-d7db15db5365', 'Mosquitero', 6.1, 'Español'::origen_enum),
  ('362d172a-d235-429d-ab75-d17217e23ade', 'Pilastra Puerta', 6.1, 'Español'::origen_enum),
  ('139713e4-55ea-4d3c-a01d-02ac32c3b51c', 'Pilastra Ventana', 6.1, 'Español'::origen_enum),
  ('96703ea9-3daf-447b-a746-5de29c052aaa', 'Poste 2 Pulgadas', 6.1, 'Nacional'::origen_enum),
  ('a5edd3ad-0b1a-47c8-aee9-907f96516646', 'Poste 3  Pulgadas', 6.1, 'Nacional'::origen_enum),
  ('dc975fd8-5211-448e-a1df-61988b540672', 'Poste 5.5cms', 6.1, 'Nacional'::origen_enum),
  ('687ec353-b435-4f32-af2e-3868f1330b54', 'Riel 2 Pulgadas', 6.1, 'Nacional'::origen_enum),
  ('f95b2f7f-bc65-4568-afc2-d86fc4f5f048', 'Riel 3  Pulgadas', 6.1, 'Nacional'::origen_enum),
  ('fe0dc9f3-5e82-44ae-a07b-c2259f48620c', 'Riel adicional 2 pulgadas', 6.1, 'Nacional'::origen_enum),
  ('28dc3843-42c9-4301-a4e3-728f745a0949', 'Riel adicional 3 pulgadas', 6.1, 'Nacional'::origen_enum),
  ('b8010411-fbce-4d5e-a638-d94f7c5daf3b', 'Riel baño', 6.1, 'Nacional'::origen_enum),
  ('bcb635e8-d3c5-406f-abaa-e2b9548638e3', 'Riel superior Mosquitero', 6.1, 'Español'::origen_enum),
  ('d47550a6-2597-4298-ad2c-bb20569cad0f', 'Tapa Chambrana 2 Pulgadas', 6.1, 'Nacional'::origen_enum),
  ('59d17d99-a47f-418d-a166-dba296e79de6', 'Tapa Chambrana 3  Pulgadas', 6.1, 'Nacional'::origen_enum),
  ('9218dc56-c4ea-4e9a-a79c-8e2e6fd4e335', 'Tapeta', 6.1, 'Español'::origen_enum),
  ('8e1e766c-5d16-4d53-a3c9-815e79ae41cd', 'Traslape 2 Pulgadas', 6.1, 'Nacional'::origen_enum),
  ('af036a4c-4844-45d7-af54-b3b225e6da36', 'Traslape 3  Pulgadas', 6.1, 'Nacional'::origen_enum),
  ('bc30a065-bfe6-4505-aa9e-75ce68b223d1', 'Tubo 3x1', 6.1, 'Nacional'::origen_enum),
  ('dea29916-9b88-46ae-ab90-bf98367047b2', 'Tubo rectangular 4x1 3/4', 6.1, 'Nacional'::origen_enum),
  ('83079ee2-0463-4f59-afc6-9590d5e4970a', 'Union 4 Hojas', 6.1, 'Español'::origen_enum),
  ('5c87eb35-6a5f-4ffc-a30d-423846048dd4', 'Zoclo 2 venas 3 Pulgadas', 6.1, 'Nacional'::origen_enum),
  ('5073818a-3562-436b-ac9d-c2708e08c358', 'Zoclo Alto 2 pulgadas corrediza', 6.1, 'Nacional'::origen_enum),
  ('3455edef-1f2e-4b65-a640-d3c62f01b769', 'Zoclo Alto 3  Pulgadas corrediza', 6.1, 'Nacional'::origen_enum),
  ('5ccf1c61-66d0-49d6-a6af-c600d140608f', 'Zoclo cabezal 2 Pulgadas', 6.1, 'Nacional'::origen_enum),
  ('c09fd391-f69c-4cdf-a367-6d06a52092fa', 'Zoclo cabezal 3  Pulgadas', 6.1, 'Nacional'::origen_enum),
  ('8621e682-8f22-4a41-a321-c597c6fe5ccc', 'Zoclo Monumental', 6.1, 'Español'::origen_enum);

insert into aluminio_precios_acabado (perfil_id, acabado, costo_proveedor) values
  ('46e60b46-bada-401a-afbd-bcc6b2098031', 'Natural'::acabado_enum, 150),
  ('46e60b46-bada-401a-afbd-bcc6b2098031', 'Negro'::acabado_enum, 150),
  ('46e60b46-bada-401a-afbd-bcc6b2098031', 'Blanco'::acabado_enum, 150),
  ('46e60b46-bada-401a-afbd-bcc6b2098031', 'Madera'::acabado_enum, 150),
  ('90d1ffdc-5e0e-442a-af41-6b8330bcf992', 'Natural'::acabado_enum, 150),
  ('90d1ffdc-5e0e-442a-af41-6b8330bcf992', 'Negro'::acabado_enum, 150),
  ('90d1ffdc-5e0e-442a-af41-6b8330bcf992', 'Blanco'::acabado_enum, 150),
  ('90d1ffdc-5e0e-442a-af41-6b8330bcf992', 'Madera'::acabado_enum, 150),
  ('0ecb0a95-f56e-454d-a578-f093c7e3ac18', 'Natural'::acabado_enum, 150),
  ('0ecb0a95-f56e-454d-a578-f093c7e3ac18', 'Negro'::acabado_enum, 150),
  ('0ecb0a95-f56e-454d-a578-f093c7e3ac18', 'Blanco'::acabado_enum, 150),
  ('0ecb0a95-f56e-454d-a578-f093c7e3ac18', 'Madera'::acabado_enum, 150),
  ('96227d89-b56b-4ade-a166-d4c105fb5048', 'Natural'::acabado_enum, 221.79),
  ('96227d89-b56b-4ade-a166-d4c105fb5048', 'Negro'::acabado_enum, 253),
  ('96227d89-b56b-4ade-a166-d4c105fb5048', 'Blanco'::acabado_enum, 226.28),
  ('96227d89-b56b-4ade-a166-d4c105fb5048', 'Madera'::acabado_enum, 355.54),
  ('5c382cdd-3782-45d2-a884-4b865b6d459a', 'Natural'::acabado_enum, 323.76),
  ('5c382cdd-3782-45d2-a884-4b865b6d459a', 'Negro'::acabado_enum, 389.06),
  ('5c382cdd-3782-45d2-a884-4b865b6d459a', 'Blanco'::acabado_enum, 330.25),
  ('5c382cdd-3782-45d2-a884-4b865b6d459a', 'Madera'::acabado_enum, 547.17),
  ('0177f798-f858-4685-addf-a2bbab0c5f3d', 'Natural'::acabado_enum, 526.99),
  ('0177f798-f858-4685-addf-a2bbab0c5f3d', 'Negro'::acabado_enum, 578.26),
  ('0177f798-f858-4685-addf-a2bbab0c5f3d', 'Blanco'::acabado_enum, 534.88),
  ('0177f798-f858-4685-addf-a2bbab0c5f3d', 'Madera'::acabado_enum, 758.87),
  ('eb80d9ab-5ea9-4a10-a0de-06c407a0f21a', 'Natural'::acabado_enum, 526.99),
  ('eb80d9ab-5ea9-4a10-a0de-06c407a0f21a', 'Negro'::acabado_enum, 578.26),
  ('eb80d9ab-5ea9-4a10-a0de-06c407a0f21a', 'Blanco'::acabado_enum, 534.88),
  ('eb80d9ab-5ea9-4a10-a0de-06c407a0f21a', 'Madera'::acabado_enum, 758.87),
  ('c8c650e6-0a5b-48f7-a92b-4e363a78128d', 'Natural'::acabado_enum, 526.99),
  ('c8c650e6-0a5b-48f7-a92b-4e363a78128d', 'Negro'::acabado_enum, 578.26),
  ('c8c650e6-0a5b-48f7-a92b-4e363a78128d', 'Blanco'::acabado_enum, 534.88),
  ('c8c650e6-0a5b-48f7-a92b-4e363a78128d', 'Madera'::acabado_enum, 758.87),
  ('b868e2b5-4749-4957-aa6c-17ca75bfe52c', 'Natural'::acabado_enum, 526.99),
  ('b868e2b5-4749-4957-aa6c-17ca75bfe52c', 'Negro'::acabado_enum, 578.26),
  ('b868e2b5-4749-4957-aa6c-17ca75bfe52c', 'Blanco'::acabado_enum, 534.88),
  ('b868e2b5-4749-4957-aa6c-17ca75bfe52c', 'Madera'::acabado_enum, 758.87),
  ('6aa09463-6e84-4e87-a062-b6aca5474900', 'Natural'::acabado_enum, 526.99),
  ('6aa09463-6e84-4e87-a062-b6aca5474900', 'Negro'::acabado_enum, 578.26),
  ('6aa09463-6e84-4e87-a062-b6aca5474900', 'Blanco'::acabado_enum, 534.88),
  ('6aa09463-6e84-4e87-a062-b6aca5474900', 'Madera'::acabado_enum, 758.87),
  ('3e2ce1db-8ff6-4805-ab4f-66cd4ff07965', 'Natural'::acabado_enum, 526.99),
  ('3e2ce1db-8ff6-4805-ab4f-66cd4ff07965', 'Negro'::acabado_enum, 578.26),
  ('3e2ce1db-8ff6-4805-ab4f-66cd4ff07965', 'Blanco'::acabado_enum, 534.88),
  ('3e2ce1db-8ff6-4805-ab4f-66cd4ff07965', 'Madera'::acabado_enum, 758.87),
  ('fbfada9c-dbca-4ec2-a827-36be1a6f5c68', 'Natural'::acabado_enum, 526.99),
  ('fbfada9c-dbca-4ec2-a827-36be1a6f5c68', 'Negro'::acabado_enum, 578.26),
  ('fbfada9c-dbca-4ec2-a827-36be1a6f5c68', 'Blanco'::acabado_enum, 534.88),
  ('fbfada9c-dbca-4ec2-a827-36be1a6f5c68', 'Madera'::acabado_enum, 758.87),
  ('a1e26169-5265-47c2-a381-05494908079d', 'Natural'::acabado_enum, 300.44),
  ('a1e26169-5265-47c2-a381-05494908079d', 'Negro'::acabado_enum, 367.72),
  ('a1e26169-5265-47c2-a381-05494908079d', 'Blanco'::acabado_enum, 307.28),
  ('a1e26169-5265-47c2-a381-05494908079d', 'Madera'::acabado_enum, 533.72),
  ('10be4ff0-1428-42d5-a2d1-ec80fcf97244', 'Natural'::acabado_enum, 300.44),
  ('10be4ff0-1428-42d5-a2d1-ec80fcf97244', 'Negro'::acabado_enum, 367.72),
  ('10be4ff0-1428-42d5-a2d1-ec80fcf97244', 'Blanco'::acabado_enum, 307.28),
  ('10be4ff0-1428-42d5-a2d1-ec80fcf97244', 'Madera'::acabado_enum, 533.72),
  ('030decb7-d3c9-4fe2-a248-fa260a28a2c8', 'Natural'::acabado_enum, 323.76),
  ('030decb7-d3c9-4fe2-a248-fa260a28a2c8', 'Negro'::acabado_enum, 389.06),
  ('030decb7-d3c9-4fe2-a248-fa260a28a2c8', 'Blanco'::acabado_enum, 330.25),
  ('030decb7-d3c9-4fe2-a248-fa260a28a2c8', 'Madera'::acabado_enum, 547.17),
  ('0cee62d4-cbd9-4349-a375-2a8ef872c293', 'Natural'::acabado_enum, 134.79),
  ('0cee62d4-cbd9-4349-a375-2a8ef872c293', 'Negro'::acabado_enum, 152.77),
  ('0cee62d4-cbd9-4349-a375-2a8ef872c293', 'Blanco'::acabado_enum, 137.34),
  ('0cee62d4-cbd9-4349-a375-2a8ef872c293', 'Madera'::acabado_enum, 211.47),
  ('4cd6f370-2e6b-47e4-aeda-67c79ba8c94c', 'Natural'::acabado_enum, 134.79),
  ('4cd6f370-2e6b-47e4-aeda-67c79ba8c94c', 'Negro'::acabado_enum, 152.77),
  ('4cd6f370-2e6b-47e4-aeda-67c79ba8c94c', 'Blanco'::acabado_enum, 137.34),
  ('4cd6f370-2e6b-47e4-aeda-67c79ba8c94c', 'Madera'::acabado_enum, 211.47),
  ('07b6f362-72e0-42ca-aa91-a09fb4154cac', 'Natural'::acabado_enum, 197.9),
  ('07b6f362-72e0-42ca-aa91-a09fb4154cac', 'Negro'::acabado_enum, 22.37),
  ('07b6f362-72e0-42ca-aa91-a09fb4154cac', 'Blanco'::acabado_enum, 201.49),
  ('07b6f362-72e0-42ca-aa91-a09fb4154cac', 'Madera'::acabado_enum, 305.43),
  ('f5a46c4d-37f2-4a54-a229-0912206e0209', 'Natural'::acabado_enum, 390),
  ('f5a46c4d-37f2-4a54-a229-0912206e0209', 'Negro'::acabado_enum, 411),
  ('f5a46c4d-37f2-4a54-a229-0912206e0209', 'Blanco'::acabado_enum, 390),
  ('f5a46c4d-37f2-4a54-a229-0912206e0209', 'Madera'::acabado_enum, 758.87),
  ('ee948736-39df-4f10-ac83-6c1606cb2645', 'Natural'::acabado_enum, 526.99),
  ('ee948736-39df-4f10-ac83-6c1606cb2645', 'Negro'::acabado_enum, 578.26),
  ('ee948736-39df-4f10-ac83-6c1606cb2645', 'Blanco'::acabado_enum, 534.88),
  ('ee948736-39df-4f10-ac83-6c1606cb2645', 'Madera'::acabado_enum, 758.87),
  ('3ee9d90b-3db2-4caa-ad3b-5bd151c84d00', 'Natural'::acabado_enum, 526.99),
  ('3ee9d90b-3db2-4caa-ad3b-5bd151c84d00', 'Negro'::acabado_enum, 578.26),
  ('3ee9d90b-3db2-4caa-ad3b-5bd151c84d00', 'Blanco'::acabado_enum, 534.88),
  ('3ee9d90b-3db2-4caa-ad3b-5bd151c84d00', 'Madera'::acabado_enum, 758.87),
  ('ea5c38c0-32e9-44f5-a20c-2525f92ef46f', 'Natural'::acabado_enum, 526.99),
  ('ea5c38c0-32e9-44f5-a20c-2525f92ef46f', 'Negro'::acabado_enum, 578.26),
  ('ea5c38c0-32e9-44f5-a20c-2525f92ef46f', 'Blanco'::acabado_enum, 534.88),
  ('ea5c38c0-32e9-44f5-a20c-2525f92ef46f', 'Madera'::acabado_enum, 758.87),
  ('b1082a1c-7526-484b-a26a-f2371d8a58ff', 'Natural'::acabado_enum, 526.99),
  ('b1082a1c-7526-484b-a26a-f2371d8a58ff', 'Negro'::acabado_enum, 578.26),
  ('b1082a1c-7526-484b-a26a-f2371d8a58ff', 'Blanco'::acabado_enum, 534.88),
  ('b1082a1c-7526-484b-a26a-f2371d8a58ff', 'Madera'::acabado_enum, 758.87),
  ('5b24dbc0-8554-4bbe-a0a6-d7983f664f70', 'Natural'::acabado_enum, 526.99),
  ('5b24dbc0-8554-4bbe-a0a6-d7983f664f70', 'Negro'::acabado_enum, 578.26),
  ('5b24dbc0-8554-4bbe-a0a6-d7983f664f70', 'Blanco'::acabado_enum, 534.88),
  ('5b24dbc0-8554-4bbe-a0a6-d7983f664f70', 'Madera'::acabado_enum, 758.87),
  ('a1a3fe17-96e1-4fe6-aa3c-fcb494b7f93c', 'Natural'::acabado_enum, 526.99),
  ('a1a3fe17-96e1-4fe6-aa3c-fcb494b7f93c', 'Negro'::acabado_enum, 578.26),
  ('a1a3fe17-96e1-4fe6-aa3c-fcb494b7f93c', 'Blanco'::acabado_enum, 534.88),
  ('a1a3fe17-96e1-4fe6-aa3c-fcb494b7f93c', 'Madera'::acabado_enum, 758.87),
  ('eee94abe-40b6-4b14-a866-4032d4de7818', 'Natural'::acabado_enum, 303.57),
  ('eee94abe-40b6-4b14-a866-4032d4de7818', 'Negro'::acabado_enum, 346.14),
  ('eee94abe-40b6-4b14-a866-4032d4de7818', 'Blanco'::acabado_enum, 309.84),
  ('eee94abe-40b6-4b14-a866-4032d4de7818', 'Madera'::acabado_enum, 487.66),
  ('429e297f-2fe5-40fe-a448-901339986609', 'Natural'::acabado_enum, 162.28),
  ('429e297f-2fe5-40fe-a448-901339986609', 'Negro'::acabado_enum, 182.7),
  ('429e297f-2fe5-40fe-a448-901339986609', 'Blanco'::acabado_enum, 165.3),
  ('429e297f-2fe5-40fe-a448-901339986609', 'Madera'::acabado_enum, 251.14),
  ('85fdebcb-7c20-40bf-a4e5-c9b800e067e8', 'Natural'::acabado_enum, 303.57),
  ('85fdebcb-7c20-40bf-a4e5-c9b800e067e8', 'Negro'::acabado_enum, 346.14),
  ('85fdebcb-7c20-40bf-a4e5-c9b800e067e8', 'Blanco'::acabado_enum, 309.84),
  ('85fdebcb-7c20-40bf-a4e5-c9b800e067e8', 'Madera'::acabado_enum, 487.66),
  ('c275d697-54da-4026-a4f9-c53c48c29cd4', 'Natural'::acabado_enum, 303.57),
  ('c275d697-54da-4026-a4f9-c53c48c29cd4', 'Negro'::acabado_enum, 346.14),
  ('c275d697-54da-4026-a4f9-c53c48c29cd4', 'Blanco'::acabado_enum, 309.84),
  ('c275d697-54da-4026-a4f9-c53c48c29cd4', 'Madera'::acabado_enum, 487.66),
  ('4927e3f9-4de3-4e4e-ac6e-817228c5224f', 'Natural'::acabado_enum, 526.99),
  ('4927e3f9-4de3-4e4e-ac6e-817228c5224f', 'Negro'::acabado_enum, 578.26),
  ('4927e3f9-4de3-4e4e-ac6e-817228c5224f', 'Blanco'::acabado_enum, 534.88),
  ('4927e3f9-4de3-4e4e-ac6e-817228c5224f', 'Madera'::acabado_enum, 758.87),
  ('6b19b279-f006-4f2b-a0e4-5393cf68551c', 'Natural'::acabado_enum, 526.99),
  ('6b19b279-f006-4f2b-a0e4-5393cf68551c', 'Negro'::acabado_enum, 578.26),
  ('6b19b279-f006-4f2b-a0e4-5393cf68551c', 'Blanco'::acabado_enum, 534.88),
  ('6b19b279-f006-4f2b-a0e4-5393cf68551c', 'Madera'::acabado_enum, 758.87),
  ('8c70c209-c294-4bed-aabf-fc17cfdf547e', 'Natural'::acabado_enum, 424.68),
  ('8c70c209-c294-4bed-aabf-fc17cfdf547e', 'Negro'::acabado_enum, 516.2),
  ('8c70c209-c294-4bed-aabf-fc17cfdf547e', 'Blanco'::acabado_enum, 433.84),
  ('8c70c209-c294-4bed-aabf-fc17cfdf547e', 'Madera'::acabado_enum, 740.78),
  ('f0237257-8ca0-4f5d-ac20-d7db15db5365', 'Natural'::acabado_enum, 860),
  ('f0237257-8ca0-4f5d-ac20-d7db15db5365', 'Negro'::acabado_enum, 878),
  ('f0237257-8ca0-4f5d-ac20-d7db15db5365', 'Blanco'::acabado_enum, 855),
  ('f0237257-8ca0-4f5d-ac20-d7db15db5365', 'Madera'::acabado_enum, 1314),
  ('362d172a-d235-429d-ab75-d17217e23ade', 'Natural'::acabado_enum, 526.99),
  ('362d172a-d235-429d-ab75-d17217e23ade', 'Negro'::acabado_enum, 578.26),
  ('362d172a-d235-429d-ab75-d17217e23ade', 'Blanco'::acabado_enum, 534.88),
  ('362d172a-d235-429d-ab75-d17217e23ade', 'Madera'::acabado_enum, 758.87),
  ('139713e4-55ea-4d3c-a01d-02ac32c3b51c', 'Natural'::acabado_enum, 526.99),
  ('139713e4-55ea-4d3c-a01d-02ac32c3b51c', 'Negro'::acabado_enum, 578.26),
  ('139713e4-55ea-4d3c-a01d-02ac32c3b51c', 'Blanco'::acabado_enum, 534.88),
  ('139713e4-55ea-4d3c-a01d-02ac32c3b51c', 'Madera'::acabado_enum, 758.87),
  ('96703ea9-3daf-447b-a746-5de29c052aaa', 'Natural'::acabado_enum, 228.75),
  ('96703ea9-3daf-447b-a746-5de29c052aaa', 'Negro'::acabado_enum, 243.95),
  ('96703ea9-3daf-447b-a746-5de29c052aaa', 'Blanco'::acabado_enum, 231.3),
  ('96703ea9-3daf-447b-a746-5de29c052aaa', 'Madera'::acabado_enum, 302.53),
  ('a5edd3ad-0b1a-47c8-aee9-907f96516646', 'Natural'::acabado_enum, 228.75),
  ('a5edd3ad-0b1a-47c8-aee9-907f96516646', 'Negro'::acabado_enum, 243.95),
  ('a5edd3ad-0b1a-47c8-aee9-907f96516646', 'Blanco'::acabado_enum, 231.3),
  ('a5edd3ad-0b1a-47c8-aee9-907f96516646', 'Madera'::acabado_enum, 302.53),
  ('dc975fd8-5211-448e-a1df-61988b540672', 'Natural'::acabado_enum, 722.56),
  ('dc975fd8-5211-448e-a1df-61988b540672', 'Negro'::acabado_enum, 896.56),
  ('dc975fd8-5211-448e-a1df-61988b540672', 'Blanco'::acabado_enum, 729.64),
  ('dc975fd8-5211-448e-a1df-61988b540672', 'Madera'::acabado_enum, 1057.69),
  ('687ec353-b435-4f32-af2e-3868f1330b54', 'Natural'::acabado_enum, 223.88),
  ('687ec353-b435-4f32-af2e-3868f1330b54', 'Negro'::acabado_enum, 266.22),
  ('687ec353-b435-4f32-af2e-3868f1330b54', 'Blanco'::acabado_enum, 228.06),
  ('687ec353-b435-4f32-af2e-3868f1330b54', 'Madera'::acabado_enum, 368.76),
  ('f95b2f7f-bc65-4568-afc2-d86fc4f5f048', 'Natural'::acabado_enum, 223.88),
  ('f95b2f7f-bc65-4568-afc2-d86fc4f5f048', 'Negro'::acabado_enum, 266.22),
  ('f95b2f7f-bc65-4568-afc2-d86fc4f5f048', 'Blanco'::acabado_enum, 228.06),
  ('f95b2f7f-bc65-4568-afc2-d86fc4f5f048', 'Madera'::acabado_enum, 368.76),
  ('fe0dc9f3-5e82-44ae-a07b-c2259f48620c', 'Natural'::acabado_enum, 130.04),
  ('fe0dc9f3-5e82-44ae-a07b-c2259f48620c', 'Negro'::acabado_enum, 144.19),
  ('fe0dc9f3-5e82-44ae-a07b-c2259f48620c', 'Blanco'::acabado_enum, 132.12),
  ('fe0dc9f3-5e82-44ae-a07b-c2259f48620c', 'Madera'::acabado_enum, 192.91),
  ('28dc3843-42c9-4301-a4e3-728f745a0949', 'Natural'::acabado_enum, 130.04),
  ('28dc3843-42c9-4301-a4e3-728f745a0949', 'Negro'::acabado_enum, 144.19),
  ('28dc3843-42c9-4301-a4e3-728f745a0949', 'Blanco'::acabado_enum, 132.12),
  ('28dc3843-42c9-4301-a4e3-728f745a0949', 'Madera'::acabado_enum, 192.91),
  ('b8010411-fbce-4d5e-a638-d94f7c5daf3b', 'Natural'::acabado_enum, 526.99),
  ('b8010411-fbce-4d5e-a638-d94f7c5daf3b', 'Negro'::acabado_enum, 578.26),
  ('b8010411-fbce-4d5e-a638-d94f7c5daf3b', 'Blanco'::acabado_enum, 534.88),
  ('b8010411-fbce-4d5e-a638-d94f7c5daf3b', 'Madera'::acabado_enum, 758.87),
  ('bcb635e8-d3c5-406f-abaa-e2b9548638e3', 'Natural'::acabado_enum, 545),
  ('bcb635e8-d3c5-406f-abaa-e2b9548638e3', 'Negro'::acabado_enum, 560),
  ('bcb635e8-d3c5-406f-abaa-e2b9548638e3', 'Blanco'::acabado_enum, 545.5),
  ('bcb635e8-d3c5-406f-abaa-e2b9548638e3', 'Madera'::acabado_enum, 758.87),
  ('d47550a6-2597-4298-ad2c-bb20569cad0f', 'Natural'::acabado_enum, 134.79),
  ('d47550a6-2597-4298-ad2c-bb20569cad0f', 'Negro'::acabado_enum, 152.77),
  ('d47550a6-2597-4298-ad2c-bb20569cad0f', 'Blanco'::acabado_enum, 137.34),
  ('d47550a6-2597-4298-ad2c-bb20569cad0f', 'Madera'::acabado_enum, 211.47),
  ('59d17d99-a47f-418d-a166-dba296e79de6', 'Natural'::acabado_enum, 134.79),
  ('59d17d99-a47f-418d-a166-dba296e79de6', 'Negro'::acabado_enum, 152.77),
  ('59d17d99-a47f-418d-a166-dba296e79de6', 'Blanco'::acabado_enum, 137.34),
  ('59d17d99-a47f-418d-a166-dba296e79de6', 'Madera'::acabado_enum, 211.47),
  ('9218dc56-c4ea-4e9a-a79c-8e2e6fd4e335', 'Natural'::acabado_enum, 200),
  ('9218dc56-c4ea-4e9a-a79c-8e2e6fd4e335', 'Negro'::acabado_enum, 210),
  ('9218dc56-c4ea-4e9a-a79c-8e2e6fd4e335', 'Blanco'::acabado_enum, 200),
  ('9218dc56-c4ea-4e9a-a79c-8e2e6fd4e335', 'Madera'::acabado_enum, 250),
  ('8e1e766c-5d16-4d53-a3c9-815e79ae41cd', 'Natural'::acabado_enum, 299.98),
  ('8e1e766c-5d16-4d53-a3c9-815e79ae41cd', 'Negro'::acabado_enum, 318.07),
  ('8e1e766c-5d16-4d53-a3c9-815e79ae41cd', 'Blanco'::acabado_enum, 303.8),
  ('8e1e766c-5d16-4d53-a3c9-815e79ae41cd', 'Madera'::acabado_enum, 396.14),
  ('af036a4c-4844-45d7-af54-b3b225e6da36', 'Natural'::acabado_enum, 299.98),
  ('af036a4c-4844-45d7-af54-b3b225e6da36', 'Negro'::acabado_enum, 318.07),
  ('af036a4c-4844-45d7-af54-b3b225e6da36', 'Blanco'::acabado_enum, 303.8),
  ('af036a4c-4844-45d7-af54-b3b225e6da36', 'Madera'::acabado_enum, 396.14),
  ('bc30a065-bfe6-4505-aa9e-75ce68b223d1', 'Natural'::acabado_enum, 197.9),
  ('bc30a065-bfe6-4505-aa9e-75ce68b223d1', 'Negro'::acabado_enum, 22.37),
  ('bc30a065-bfe6-4505-aa9e-75ce68b223d1', 'Blanco'::acabado_enum, 201.49),
  ('bc30a065-bfe6-4505-aa9e-75ce68b223d1', 'Madera'::acabado_enum, 305.43),
  ('dea29916-9b88-46ae-ab90-bf98367047b2', 'Natural'::acabado_enum, 760),
  ('dea29916-9b88-46ae-ab90-bf98367047b2', 'Negro'::acabado_enum, 740),
  ('dea29916-9b88-46ae-ab90-bf98367047b2', 'Blanco'::acabado_enum, 750),
  ('dea29916-9b88-46ae-ab90-bf98367047b2', 'Madera'::acabado_enum, 980),
  ('83079ee2-0463-4f59-afc6-9590d5e4970a', 'Natural'::acabado_enum, 120),
  ('83079ee2-0463-4f59-afc6-9590d5e4970a', 'Negro'::acabado_enum, 130),
  ('83079ee2-0463-4f59-afc6-9590d5e4970a', 'Blanco'::acabado_enum, 120),
  ('83079ee2-0463-4f59-afc6-9590d5e4970a', 'Madera'::acabado_enum, 230),
  ('5c87eb35-6a5f-4ffc-a30d-423846048dd4', 'Natural'::acabado_enum, 722.56),
  ('5c87eb35-6a5f-4ffc-a30d-423846048dd4', 'Negro'::acabado_enum, 896.56),
  ('5c87eb35-6a5f-4ffc-a30d-423846048dd4', 'Blanco'::acabado_enum, 729.64),
  ('5c87eb35-6a5f-4ffc-a30d-423846048dd4', 'Madera'::acabado_enum, 1057.69),
  ('5073818a-3562-436b-ac9d-c2708e08c358', 'Natural'::acabado_enum, 362.04),
  ('5073818a-3562-436b-ac9d-c2708e08c358', 'Negro'::acabado_enum, 427.23),
  ('5073818a-3562-436b-ac9d-c2708e08c358', 'Blanco'::acabado_enum, 367.6),
  ('5073818a-3562-436b-ac9d-c2708e08c358', 'Madera'::acabado_enum, 573.62),
  ('3455edef-1f2e-4b65-a640-d3c62f01b769', 'Natural'::acabado_enum, 362.04),
  ('3455edef-1f2e-4b65-a640-d3c62f01b769', 'Negro'::acabado_enum, 427.23),
  ('3455edef-1f2e-4b65-a640-d3c62f01b769', 'Blanco'::acabado_enum, 367.6),
  ('3455edef-1f2e-4b65-a640-d3c62f01b769', 'Madera'::acabado_enum, 573.62),
  ('5ccf1c61-66d0-49d6-a6af-c600d140608f', 'Natural'::acabado_enum, 170.64),
  ('5ccf1c61-66d0-49d6-a6af-c600d140608f', 'Negro'::acabado_enum, 206.6),
  ('5ccf1c61-66d0-49d6-a6af-c600d140608f', 'Blanco'::acabado_enum, 174.23),
  ('5ccf1c61-66d0-49d6-a6af-c600d140608f', 'Madera'::acabado_enum, 294.41),
  ('c09fd391-f69c-4cdf-a367-6d06a52092fa', 'Natural'::acabado_enum, 170.64),
  ('c09fd391-f69c-4cdf-a367-6d06a52092fa', 'Negro'::acabado_enum, 206.6),
  ('c09fd391-f69c-4cdf-a367-6d06a52092fa', 'Blanco'::acabado_enum, 174.23),
  ('c09fd391-f69c-4cdf-a367-6d06a52092fa', 'Madera'::acabado_enum, 294.41),
  ('8621e682-8f22-4a41-a321-c597c6fe5ccc', 'Natural'::acabado_enum, 1050),
  ('8621e682-8f22-4a41-a321-c597c6fe5ccc', 'Negro'::acabado_enum, 1200),
  ('8621e682-8f22-4a41-a321-c597c6fe5ccc', 'Blanco'::acabado_enum, 1100),
  ('8621e682-8f22-4a41-a321-c597c6fe5ccc', 'Madera'::acabado_enum, 1580);

-- ============================================================
-- 4. Herrajes: catálogo maestro
-- ============================================================
insert into herrajes_catalogo (id, nombre, origen, costo_proveedor, unidad_venta) values
  ('780f443e-d851-4460-a2e0-7a25724ecf6c', 'Carretillas Zoclo Alto', 'Nacional'::origen_enum, 15, 'pieza'::unidad_venta_enum),
  ('43aa6d9d-b36f-482e-a4ab-2bef6f182d53', 'Carretillas Zoclo 3 Pulgadas', 'Nacional'::origen_enum, 35, 'pieza'::unidad_venta_enum),
  ('e03d0006-d56a-4ab5-a4e9-4b7d351efc50', 'Carretillas', 'Español'::origen_enum, 45, 'pieza'::unidad_venta_enum),
  ('3ecae076-e20c-4f89-aebb-4a4d2906c770', 'Vinil Cuña 10', 'Nacional'::origen_enum, 4.5, 'metro'::unidad_venta_enum),
  ('533d3bbb-1eb8-4198-ac4d-241ebccf9037', 'Vinil Pata 11', 'Nacional'::origen_enum, 5, 'metro'::unidad_venta_enum),
  ('b0e9c212-1dbf-4941-a5e8-58edd81f49a7', 'Vinil Pata 12', 'Nacional'::origen_enum, 6, 'metro'::unidad_venta_enum),
  ('cedebb0b-8ebf-488d-a48b-17fdbfd0d663', 'Vinil s4600', 'Español'::origen_enum, 8.5, 'metro'::unidad_venta_enum),
  ('c4709852-85f9-4173-a89b-59359ba91b03', 'Vinil Cola de rata', 'Español'::origen_enum, 3.5, 'metro'::unidad_venta_enum),
  ('26235753-09eb-41d8-aecd-d3c1d7db7308', 'Vinil Aleta', 'Español'::origen_enum, 5.5, 'metro'::unidad_venta_enum),
  ('9683c200-e938-45db-a12d-b0cbf7b62152', 'Felpa', 'Nacional'::origen_enum, 3, 'metro'::unidad_venta_enum),
  ('d5a297c9-b3f9-462b-a4b8-1a60862e5168', 'Goma rigida', 'Español'::origen_enum, 4, 'pieza'::unidad_venta_enum),
  ('613651f6-f875-449b-a411-497a01e8fdaf', 'Gomas', 'Nacional'::origen_enum, 3, 'pieza'::unidad_venta_enum),
  ('75abcce2-f2f7-47f4-a80f-ad5c6babbf69', 'Tornillo 10x1', 'Nacional'::origen_enum, 0.8, 'pieza'::unidad_venta_enum),
  ('83e5cbaf-2d2c-410d-a629-c8676c0c1ec4', 'Tornillo 10x1.5', 'Nacional'::origen_enum, 1, 'pieza'::unidad_venta_enum),
  ('e9c8416e-ebbd-49bd-a4e8-95f6f4760bfe', 'Tornillo 10x2', 'Nacional'::origen_enum, 1.2, 'pieza'::unidad_venta_enum),
  ('e714bbca-b4f4-4b95-a2c3-8a60006180c7', 'Tornillo 10x3', 'Nacional'::origen_enum, 1.8, 'pieza'::unidad_venta_enum),
  ('ebf1c213-043a-4bb9-a713-809b296751b3', 'Tornillo 8x1.5', 'Nacional'::origen_enum, 0.7, 'pieza'::unidad_venta_enum),
  ('f1161f3c-ee71-40f4-af77-0c360892c0fe', 'Tornillo 8x1/2', 'Nacional'::origen_enum, 0.5, 'pieza'::unidad_venta_enum),
  ('90f482ec-8d08-423a-a380-5d4e07211000', 'Tornillo inoxidable 10x1.5', 'Nacional'::origen_enum, 4.5, 'pieza'::unidad_venta_enum),
  ('3c6baa06-6809-426f-ab82-6a174bf662a7', 'Tornillos largos Jaladera', 'Nacional'::origen_enum, 5, 'pieza'::unidad_venta_enum),
  ('c4f657d2-aaf9-4c08-a9c8-727455a8424f', 'Remache 56', 'Nacional'::origen_enum, 0.6, 'pieza'::unidad_venta_enum),
  ('940bc344-a385-43c1-a090-ea6585cdfb17', 'Remaches', 'Nacional'::origen_enum, 0.5, 'pieza'::unidad_venta_enum),
  ('92ebdd02-f24a-4314-aa5b-7eece5f5aa32', 'Jaladera Perico 12cm', 'Nacional'::origen_enum, 45, 'pieza'::unidad_venta_enum),
  ('dc78e661-adb6-4c30-aaf4-51bd65c05072', 'Jaladera Perico 12cms', 'Nacional'::origen_enum, 45, 'pieza'::unidad_venta_enum),
  ('faf9d10a-483c-4bde-a5e9-128e4cb2e31c', 'Jaladera Tipo H Acero Inoxidable', 'Nacional'::origen_enum, 350, 'pieza'::unidad_venta_enum),
  ('6ed2fa91-679f-4b05-ae2b-067dee5f35f5', 'Jaladeras Trompa de elefante', 'Nacional'::origen_enum, 25, 'pieza'::unidad_venta_enum),
  ('67fc8e49-34fe-48bd-a2fa-0788f508d240', 'Pomo Jaladera', 'Español'::origen_enum, 85, 'pieza'::unidad_venta_enum),
  ('e70142ce-7c35-4d0f-a557-988405db12bf', 'Cierre de presion', 'Español'::origen_enum, 65, 'pieza'::unidad_venta_enum),
  ('153b76e3-26e3-44e6-a496-923633e679f3', 'Cierre Embutido', 'Español'::origen_enum, 120, 'pieza'::unidad_venta_enum),
  ('2427c806-160f-436e-a6ee-624b4333ac01', 'Chapa S1400', 'Español'::origen_enum, 250, 'pieza'::unidad_venta_enum),
  ('dc4af9df-d883-41c2-a661-b0d0c1570c70', 'chapa doble manija', 'Nacional'::origen_enum, 180, 'pieza'::unidad_venta_enum),
  ('e59263c4-70ab-4612-aee5-a96a4f2520cf', 'Chapa Sobreponer 715', 'Nacional'::origen_enum, 320, 'pieza'::unidad_venta_enum),
  ('128ceb22-281c-4ef7-a8a8-006968358de3', 'Escuadra Ventana', 'Español'::origen_enum, 12, 'pieza'::unidad_venta_enum),
  ('addf3ea1-9e33-4dd1-ab88-ccd815f174c4', 'Escuadra Cerco', 'Español'::origen_enum, 15, 'pieza'::unidad_venta_enum),
  ('1f04cb67-402d-45ed-a934-312600444623', 'Escuadra Hoja', 'Español'::origen_enum, 15, 'pieza'::unidad_venta_enum),
  ('c08f670d-2cf3-4175-ab85-9089aa9c7301', 'Escuadras Puerta', 'Español'::origen_enum, 22, 'pieza'::unidad_venta_enum),
  ('0e375513-878f-4d27-a481-1156f5afb5d7', 'Escuadras para armar', 'Nacional'::origen_enum, 18, 'pieza'::unidad_venta_enum),
  ('bdedfe4b-2b56-494f-a297-1a7970f688a9', 'Escuadras semilujo', 'Nacional'::origen_enum, 14, 'pieza'::unidad_venta_enum),
  ('a96c1e52-14c6-4687-aa82-d320835b0a7b', 'Escuadra Guia', 'Nacional'::origen_enum, 10, 'pieza'::unidad_venta_enum),
  ('26bb306b-7bc8-4ff0-a49d-a2432788bf3e', 'Escuadra Riel', 'Nacional'::origen_enum, 10, 'pieza'::unidad_venta_enum),
  ('f2c277c5-eae9-4ff1-a0c8-520d37911af1', 'Union Ventana', 'Español'::origen_enum, 8, 'pieza'::unidad_venta_enum),
  ('cd6a6b8c-d450-4f75-a636-d33a1569f905', 'Union Puerta', 'Español'::origen_enum, 12, 'pieza'::unidad_venta_enum),
  ('5abfd45b-4fa7-4b11-adb4-c69a50792795', 'Bisagra de 2 Palas', 'Español'::origen_enum, 45, 'pieza'::unidad_venta_enum),
  ('a2132c22-1407-4719-a409-85e8ca8ff564', 'Bisagras 3 palas', 'Español'::origen_enum, 65, 'pieza'::unidad_venta_enum),
  ('222c4134-5c51-4f94-a657-ffd9e5776509', 'Bisagras libro 3x3', 'Nacional'::origen_enum, 35, 'pieza'::unidad_venta_enum),
  ('cd01d6f9-9e15-45ae-aa60-a88445a86cb3', 'Bisagras s70', 'Nacional'::origen_enum, 55, 'pieza'::unidad_venta_enum),
  ('97a352b8-e9a5-4e5d-a62c-7aae18dc1b96', 'Compas Retenedor', 'Español'::origen_enum, 85, 'pieza'::unidad_venta_enum),
  ('a9bbfdbb-524a-495f-a557-0b072ad6dbf1', 'Tensor 3/8', 'Nacional'::origen_enum, 40, 'pieza'::unidad_venta_enum),
  ('df7ae582-69cf-4d0d-a30d-af7cea3e861f', 'Kit Bacalar', 'Nacional'::origen_enum, 1200, 'pieza'::unidad_venta_enum),
  ('1ba57093-24a6-4924-a34b-09154265b95d', 'Clip Muro Vidrio', 'Nacional'::origen_enum, 150, 'pieza'::unidad_venta_enum),
  ('d05434ff-a4a9-492d-aa6c-2ab364508908', 'Bisagras Muro vidrio', 'Nacional'::origen_enum, 350, 'pieza'::unidad_venta_enum),
  ('3d4e03df-34e1-4d18-a714-6c55206e3e47', 'Bisagras Vidrio vidrio 180°', 'Nacional'::origen_enum, 450, 'pieza'::unidad_venta_enum),
  ('96b3b559-cbc2-4145-aa50-5bc56a472b2b', 'Bisagras Vidrio vidrio 135°', 'Nacional'::origen_enum, 450, 'pieza'::unidad_venta_enum),
  ('ae5e7b66-78af-4a6f-a63d-1280bae289a1', 'Barra estabilizadora', 'Nacional'::origen_enum, 280, 'pieza'::unidad_venta_enum),
  ('72236270-d29b-4d08-a8d1-9eb0405504e8', 'Conector barra 90°', 'Nacional'::origen_enum, 120, 'pieza'::unidad_venta_enum),
  ('acdf02be-e655-4010-a3ac-c212c107b15d', 'Conector cristal barra', 'Nacional'::origen_enum, 95, 'pieza'::unidad_venta_enum),
  ('19f5f091-80ea-4acc-ad24-1270b3623dd8', 'Conector barra muro', 'Nacional'::origen_enum, 85, 'pieza'::unidad_venta_enum),
  ('87b9740c-b25b-4a8b-a235-7aec6d13210c', 'Conector barra ajustable°', 'Nacional'::origen_enum, 140, 'pieza'::unidad_venta_enum);

-- ============================================================
-- 5. Cristales
-- ============================================================
insert into cristales_catalogo (descripcion, costo_hoja, alto, largo, espesor_mm, peso_kg_m2) values
  ('claro 6 mm', 1024.92, 1.8, 2.6, 6, 15),
  ('claro 10 mm', 1857.96, 1.8, 2.6, 10, 25),
  ('claro 12 mm', 3042, 1.8, 2.6, 12, 30),
  ('filtrasol 6 mm', 1141.92, 1.8, 2.6, 6, 15),
  ('filtrasol plus 6 mm', 2293.2, 1.8, 2.6, 6, 15),
  ('filtrasol 10 mm', 2808, 1.8, 2.6, 10, 25),
  ('tintex 6 mm', 1413.36, 1.8, 2.6, 6, 15),
  ('tintex 10 mm', 2831.4, 1.8, 2.6, 10, 25),
  ('tintex plus 6 mm', 1432.08, 1.8, 2.6, 6, 15),
  ('luna 6 mm', 1684.8, 1.8, 2.6, 6, 15),
  ('cristazul 6 mm', 2293.2, 1.8, 2.6, 6, 15),
  ('reflecta plata 6 mm', 2761.2, 1.8, 2.6, 6, 15),
  ('reflecta ocre 6 mm', 2812.5, 1.8, 2.5, 6, 15),
  ('reflecta azul 6 mm', 3802.5, 1.8, 2.5, 6, 15),
  ('reflecta verde 6 mm', 3240, 1.8, 2.5, 6, 15),
  ('esmerilado claro 6 mm', 1427.4, 1.8, 2.6, 6, 15),
  ('esmerilado claro 10 mm', 2667.6, 1.8, 2.6, 10, 25),
  ('esmerilado filtrasol 6 mm', 1567.8, 1.8, 2.6, 6, 15),
  ('esmerilado tintex 6 mm', 1895.4, 1.8, 2.6, 6, 15),
  ('esmerilado cristazul 6 mm', 2808, 1.8, 2.6, 6, 15),
  ('laminado claro 3+3', 2667.6, 1.8, 2.6, 6, 15),
  ('laminado filtra 3+3', 2854.8, 1.8, 2.6, 6, 15),
  ('laminado tintex 3+3', 3042, 1.8, 2.6, 6, 15),
  ('laminado tintex+claro', 2901.6, 1.8, 2.6, 6, 15),
  ('laminado claro 6+3', 3673.8, 1.8, 2.6, 9, 22.5),
  ('laminado claro 6+6', 5171.4, 1.8, 2.6, 12, 30),
  ('laminado niebla 3+3', 3182.4, 1.8, 2.6, 6, 15),
  ('Templado Claro 6mm', 650, 1, 1, 6, 15),
  ('Templado Claro 9.5mm', 980, 1, 1, 9.5, 23.75),
  ('Templado Filtrasol 9.5mm', 2100, 1, 1, 9.5, 23.75),
  ('Templado Tintex 9.5mm', 1750, 1, 1, 9.5, 23.75);

-- ============================================================
-- 6. Persianas
-- ============================================================
insert into persianas_catalogo (familia, modelo, costo_m2, ancho_maximo) values
  ('Black Out', 'MONTREAL', 339, 3),
  ('Black Out', '500', 389, 3),
  ('Black Out', 'BUDELLI', 359, 2.5),
  ('Black Out', 'IPANEMA', 359, 2.5),
  ('Black Out', 'GALAXY', 419, 3),
  ('Black Out', 'LONG BEACH', 305, 2.5),
  ('Black Out', 'LUXURY', 399, 3),
  ('Black Out', 'OHIO', 369, 2.5),
  ('Black Out', 'SIDNEY', 419, 3),
  ('Black Out', 'TEXTURE', 379, 2.6),
  ('Black Out', 'STYLUS', 389, 3),
  ('Screen', 'SOFT Y BASIC', 299, 3),
  ('Screen', 'MILAN', 419, 2.5),
  ('Screen', 'ONE', 429, 2.5),
  ('Filtro Ligero', 'BUDELLI', 299, 2.5),
  ('Filtro Ligero', 'IPANEMA', 277, 2.5),
  ('Filtro Ligero', 'SIDNEY', 319, 3),
  ('Filtro Ligero', 'LONG BEACH', 289, 2.5),
  ('Sheer Elegance', 'DUO BASIC', 379, 2.5),
  ('Sheer Elegance', 'DUO BASIC XL', 389, 2.8),
  ('Sheer Elegance', 'DUO BRIGHT', 539, 2.85),
  ('Sheer Elegance', 'DUO CELEBRITY', 449, 2.5),
  ('Sheer Elegance', 'DUO DIM OUT SOFT', 939, 3),
  ('Sheer Elegance', 'DUO DIM OUT', 629, 3),
  ('Sheer Elegance', 'DUO DIM OUT WOODS', 746, 3),
  ('Sheer Elegance', 'DUO SEASON', 699, 2.8),
  ('Sheer Elegance', 'DUO TERRA', 589, 3),
  ('Sheer Elegance', 'DUO WOOD LINE', 449, 3),
  ('Sheer Elegance', 'DUO DIM OUT GENIUS', 739, 2.8),
  ('Sheer Elegance', 'DUO DIM OUT ROYAL', 799, 2.8),
  ('Sheer Elegance', 'DUO DIM OUT LINO', 849, 2.8),
  ('Sheer Elegance', 'DUO DENSE WOODLOOK', 599, 2.8),
  ('Sheer Elegance', 'DUO ADVANTAGE', 769, 3),
  ('Sheer Elegance', 'DUO RADIANCE DUO LINE', 589, 3),
  ('Sheer Elegance', 'DUO BRAVE DIMOUT', 779, 2.8),
  ('Sheer Elegance', 'DUO GLAM DIMOUT', 779, 3),
  ('Sheer Elegance', 'DUO DIM OUT SERENITY', 599, 2.85);

-- ============================================================
-- 7. Servicios (fusión dbServicios + dbServicios_master, unión por nombre)
-- ============================================================
insert into servicios (categoria_id, concepto, tipo_cobro, cantidad_base, costo_unitario) values
  ('c9dcfb9c-2285-424e-a0e1-f3337bfbbdea', 'Instalación Ventana', 'Unidades'::tipo_cobro_enum, 1, 250),
  ('c9dcfb9c-2285-424e-a0e1-f3337bfbbdea', 'Boquilla', 'MetrosLineales'::tipo_cobro_enum, 1, 180),
  ('c9dcfb9c-2285-424e-a0e1-f3337bfbbdea', 'Retiro ventana', 'Unidades'::tipo_cobro_enum, 1, 150),
  ('c9dcfb9c-2285-424e-a0e1-f3337bfbbdea', 'Retiro herrería', 'Unidades'::tipo_cobro_enum, 1, 350),
  ('c9dcfb9c-2285-424e-a0e1-f3337bfbbdea', 'Cascajo', 'Unidades'::tipo_cobro_enum, 1, 50),
  ('c9dcfb9c-2285-424e-a0e1-f3337bfbbdea', 'Jaladeras Embutidas Extras', 'Unidades'::tipo_cobro_enum, 2, 200),
  ('c9dcfb9c-2285-424e-a0e1-f3337bfbbdea', 'Ángulo de Aluminio', 'MetrosLineales'::tipo_cobro_enum, 1, 85),
  ('ccc0a387-f846-4b7a-aca0-3c41ef326b5e', 'Jaladera Tipo C', 'Unidades'::tipo_cobro_enum, 1, 450),
  ('ccc0a387-f846-4b7a-aca0-3c41ef326b5e', 'Grabado Esmerilado', 'MetrosCuadrados'::tipo_cobro_enum, 1, 640),
  ('ccc0a387-f846-4b7a-aca0-3c41ef326b5e', 'Película de Seguridad', 'MetrosCuadrados'::tipo_cobro_enum, 1, 350),
  ('418b9d8a-dd8a-4ff9-a5de-52db1c146ffe', 'Envio', 'Unidades'::tipo_cobro_enum, 1, 150),
  ('418b9d8a-dd8a-4ff9-a5de-52db1c146ffe', 'Braquets intermedios', 'Unidades'::tipo_cobro_enum, 1, 150),
  ('418b9d8a-dd8a-4ff9-a5de-52db1c146ffe', 'Motor inalámbrico Batería', 'Unidades'::tipo_cobro_enum, 1, 3790),
  ('418b9d8a-dd8a-4ff9-a5de-52db1c146ffe', 'Control Remoto RF 1 Canal', 'Unidades'::tipo_cobro_enum, 1, 495),
  ('418b9d8a-dd8a-4ff9-a5de-52db1c146ffe', 'Fascia Cubre Polvo', 'MetrosLineales'::tipo_cobro_enum, 1, 439.5),
  ('c9dcfb9c-2285-424e-a0e1-f3337bfbbdea', 'Ángulo de Aluminio (Remate)', 'MetrosLineales'::tipo_cobro_enum, 1, 85),
  ('ccc0a387-f846-4b7a-aca0-3c41ef326b5e', 'Instalación Cancel', 'Unidades'::tipo_cobro_enum, 1, 450),
  ('418b9d8a-dd8a-4ff9-a5de-52db1c146ffe', 'Instalación Persiana', 'Unidades'::tipo_cobro_enum, 1, 150),
  ('418b9d8a-dd8a-4ff9-a5de-52db1c146ffe', 'Braquets doble en escuadra', 'Unidades'::tipo_cobro_enum, 1, 650),
  ('418b9d8a-dd8a-4ff9-a5de-52db1c146ffe', 'Braquets doble en linea', 'Unidades'::tipo_cobro_enum, 1, 450),
  ('418b9d8a-dd8a-4ff9-a5de-52db1c146ffe', 'Motor Alámbrico', 'Unidades'::tipo_cobro_enum, 1, 1999),
  ('418b9d8a-dd8a-4ff9-a5de-52db1c146ffe', 'Control Remoto RF 15 Canales', 'Unidades'::tipo_cobro_enum, 1, 769),
  ('418b9d8a-dd8a-4ff9-a5de-52db1c146ffe', 'Galleta Sky Line', 'Unidades'::tipo_cobro_enum, 1, 80);

-- ============================================================
-- 8. Esquemas de pago
-- ============================================================
insert into esquemas_pago (plazo, tasa) values
  ('Efectivo', 0),
  ('1 Exhibición Tarjeta', 4.18),
  ('3 meses', 9.48),
  ('6 meses', 12.96),
  ('9 meses', 17.02),
  ('12 meses', 18.99);

-- ============================================================
-- 9. Asesores
-- ============================================================
insert into asesores (nombre, telefono, correo) values
  ('Carlos Leon', '5538455044', 'cleon.sauceda@gmail.com'),
  ('Jorge Leon', '5541577236', 'jorgeleon313@gmail.com'),
  ('Julio Leon', '5520509739', 'ectaltech@gmail.com');

-- ============================================================
-- 10. Catálogos SAT (Régimen Fiscal, Uso CFDI)
-- ============================================================
insert into catalogos_sat (tipo, clave, descripcion) values
  ('RegimenFiscal'::sat_tipo_enum, '616', 'Sin obligaciones fiscales'),
  ('RegimenFiscal'::sat_tipo_enum, '601', 'General de Ley Personas Morales'),
  ('RegimenFiscal'::sat_tipo_enum, '605', 'Sueldos y Salarios'),
  ('RegimenFiscal'::sat_tipo_enum, '606', 'Arrendamiento'),
  ('RegimenFiscal'::sat_tipo_enum, '612', 'Personas Físicas con Actividades Emp.'),
  ('RegimenFiscal'::sat_tipo_enum, '626', 'Régimen Simplificado de Confianza'),
  ('UsoCFDI'::sat_tipo_enum, 'S01', 'Sin efectos fiscales'),
  ('UsoCFDI'::sat_tipo_enum, 'G01', 'Adquisición de mercancias'),
  ('UsoCFDI'::sat_tipo_enum, 'G03', 'Gastos en general'),
  ('UsoCFDI'::sat_tipo_enum, 'I04', 'Equipo de computo y accesorios'),
  ('UsoCFDI'::sat_tipo_enum, 'I08', 'Otra maquinaria y equipo');

-- ============================================================
-- 11. Componentes de corte (dbDesglosesTaller, sin prefijo "Herrajes ")
-- ============================================================
insert into componentes_corte (serie_id, pieza, perfil_aluminio_id, cristal_id, medida_base, cantidad_regla, descuento_regla) values
  ('bc64dba6-dec8-4ca6-a9e1-a8299ef04ab0', 'Riel 2 Pulgadas (Contramarco)', '687ec353-b435-4f32-af2e-3868f1330b54', null, 'Largo'::medida_base_enum, '{"tipo":"fija","valor":1}'::jsonb, '{"operaciones":[{"tipo":"restar_valor","valor":0}]}'::jsonb),
  ('bc64dba6-dec8-4ca6-a9e1-a8299ef04ab0', 'Chambrana 2 Pulgadas (Contramarco)', 'a1e26169-5265-47c2-a381-05494908079d', null, 'Largo'::medida_base_enum, '{"tipo":"fija","valor":1}'::jsonb, '{"operaciones":[{"tipo":"restar_valor","valor":0}]}'::jsonb),
  ('bc64dba6-dec8-4ca6-a9e1-a8299ef04ab0', 'Chambrana 2 Pulgadas (Contramarco)', 'a1e26169-5265-47c2-a381-05494908079d', null, 'Alto'::medida_base_enum, '{"tipo":"fija","valor":2}'::jsonb, '{"operaciones":[{"tipo":"restar_valor","valor":2.6}]}'::jsonb),
  ('bc64dba6-dec8-4ca6-a9e1-a8299ef04ab0', 'Poste 2 Pulgadas (Hoja Corrediza (X))', '96703ea9-3daf-447b-a746-5de29c052aaa', null, 'Alto'::medida_base_enum, '{"tipo":"fija","valor":2}'::jsonb, '{"operaciones":[{"tipo":"restar_valor","valor":4}]}'::jsonb),
  ('bc64dba6-dec8-4ca6-a9e1-a8299ef04ab0', 'Traslape 2 Pulgadas (Hoja Corrediza (X))', '8e1e766c-5d16-4d53-a3c9-815e79ae41cd', null, 'Alto'::medida_base_enum, '{"tipo":"fija","valor":2}'::jsonb, '{"operaciones":[{"tipo":"restar_valor","valor":4}]}'::jsonb),
  ('bc64dba6-dec8-4ca6-a9e1-a8299ef04ab0', 'Zoclo Alto 2 pulgadas corrediza (Hoja Corrediza (X))', '5073818a-3562-436b-ac9d-c2708e08c358', null, 'Largo'::medida_base_enum, '{"tipo":"fija","valor":2}'::jsonb, '{"operaciones":[{"tipo":"restar_valor","valor":16},{"tipo":"dividir_entre","valor":2}]}'::jsonb),
  ('bc64dba6-dec8-4ca6-a9e1-a8299ef04ab0', 'Zoclo cabezal 2 Pulgadas (Hoja Corrediza (X))', '5ccf1c61-66d0-49d6-a6af-c600d140608f', null, 'Largo'::medida_base_enum, '{"tipo":"fija","valor":2}'::jsonb, '{"operaciones":[{"tipo":"restar_valor","valor":16},{"tipo":"dividir_entre","valor":2}]}'::jsonb),
  ('bc64dba6-dec8-4ca6-a9e1-a8299ef04ab0', 'Zoclo cabezal 2 Pulgadas (Intermedio Largo en Hoja corrediza (X) o en Hoja fija (O))', '5ccf1c61-66d0-49d6-a6af-c600d140608f', null, 'Largo'::medida_base_enum, '{"tipo":"por_intermedios","sistema":"fijo","eje":"largo1","multiplicador":1}'::jsonb, '{"operaciones":[{"tipo":"restar_valor","valor":16},{"tipo":"dividir_entre","valor":2}]}'::jsonb),
  ('bc64dba6-dec8-4ca6-a9e1-a8299ef04ab0', 'Zoclo cabezal 2 Pulgadas (Intermedio Alto en Hoja corrediza (X))', '5ccf1c61-66d0-49d6-a6af-c600d140608f', null, 'Alto'::medida_base_enum, '{"tipo":"por_intermedios","sistema":"corredizo","eje":"alto","multiplicador":1}'::jsonb, '{"operaciones":[{"tipo":"restar_constante","referencia":"zoclo_alto"},{"tipo":"restar_constante","referencia":"zoclo_cabezal"}]}'::jsonb),
  ('bc64dba6-dec8-4ca6-a9e1-a8299ef04ab0', 'Zoclo cabezal 2 Pulgadas (Intermedio Alto en Hoja Fija (O))', '5ccf1c61-66d0-49d6-a6af-c600d140608f', null, 'Alto'::medida_base_enum, '{"tipo":"por_intermedios","sistema":"fijo","eje":"alto","multiplicador":1}'::jsonb, '{"operaciones":[{"tipo":"restar_constante","referencia":"zoclo_alto"},{"tipo":"restar_constante","referencia":"zoclo_cabezal"}]}'::jsonb),
  ('bc64dba6-dec8-4ca6-a9e1-a8299ef04ab0', 'Riel adicional 2 pulgadas (Contramarco)', 'fe0dc9f3-5e82-44ae-a07b-c2259f48620c', null, 'Largo'::medida_base_enum, '{"tipo":"fija","valor":0}'::jsonb, '{"operaciones":[{"tipo":"restar_valor","valor":6.4}]}'::jsonb),
  ('374b94b9-8c62-4c3b-ad9b-f2393a1eaf65', 'Riel 2 Pulgadas (Contramarco)', '687ec353-b435-4f32-af2e-3868f1330b54', null, 'Largo'::medida_base_enum, '{"tipo":"fija","valor":1}'::jsonb, '{"operaciones":[{"tipo":"restar_valor","valor":0}]}'::jsonb),
  ('374b94b9-8c62-4c3b-ad9b-f2393a1eaf65', 'Chambrana 2 Pulgadas (Contramarco)', 'a1e26169-5265-47c2-a381-05494908079d', null, 'Largo'::medida_base_enum, '{"tipo":"fija","valor":1}'::jsonb, '{"operaciones":[{"tipo":"restar_valor","valor":0}]}'::jsonb),
  ('374b94b9-8c62-4c3b-ad9b-f2393a1eaf65', 'Chambrana 2 Pulgadas (Contramarco)', 'a1e26169-5265-47c2-a381-05494908079d', null, 'Alto'::medida_base_enum, '{"tipo":"fija","valor":2}'::jsonb, '{"operaciones":[{"tipo":"restar_valor","valor":2.6}]}'::jsonb),
  ('374b94b9-8c62-4c3b-ad9b-f2393a1eaf65', 'Poste 2 Pulgadas (Hoja Corrediza (X))', '96703ea9-3daf-447b-a746-5de29c052aaa', null, 'Alto'::medida_base_enum, '{"tipo":"fija","valor":1}'::jsonb, '{"operaciones":[{"tipo":"restar_valor","valor":4}]}'::jsonb),
  ('374b94b9-8c62-4c3b-ad9b-f2393a1eaf65', 'Poste 2 Pulgadas (Hoja Fija(O))', '96703ea9-3daf-447b-a746-5de29c052aaa', null, 'Alto'::medida_base_enum, '{"tipo":"fija","valor":1}'::jsonb, '{"operaciones":[{"tipo":"restar_valor","valor":3}]}'::jsonb),
  ('374b94b9-8c62-4c3b-ad9b-f2393a1eaf65', 'Traslape 2 Pulgadas (Hoja Corrediza (X))', '8e1e766c-5d16-4d53-a3c9-815e79ae41cd', null, 'Alto'::medida_base_enum, '{"tipo":"fija","valor":1}'::jsonb, '{"operaciones":[{"tipo":"restar_valor","valor":4}]}'::jsonb),
  ('374b94b9-8c62-4c3b-ad9b-f2393a1eaf65', 'Traslape 2 Pulgadas (Hoja Fija (O))', '8e1e766c-5d16-4d53-a3c9-815e79ae41cd', null, 'Alto'::medida_base_enum, '{"tipo":"fija","valor":1}'::jsonb, '{"operaciones":[{"tipo":"restar_valor","valor":3}]}'::jsonb),
  ('374b94b9-8c62-4c3b-ad9b-f2393a1eaf65', 'Zoclo Alto 2 pulgadas corrediza (Hoja Corrediza (X))', '5073818a-3562-436b-ac9d-c2708e08c358', null, 'Largo'::medida_base_enum, '{"tipo":"fija","valor":2}'::jsonb, '{"operaciones":[{"tipo":"restar_valor","valor":16},{"tipo":"dividir_entre","valor":2}]}'::jsonb),
  ('374b94b9-8c62-4c3b-ad9b-f2393a1eaf65', 'Zoclo cabezal 2 Pulgadas (Hoja Corrediza (X))', '5ccf1c61-66d0-49d6-a6af-c600d140608f', null, 'Largo'::medida_base_enum, '{"tipo":"fija","valor":2}'::jsonb, '{"operaciones":[{"tipo":"restar_valor","valor":16},{"tipo":"dividir_entre","valor":2}]}'::jsonb),
  ('374b94b9-8c62-4c3b-ad9b-f2393a1eaf65', 'Zoclo cabezal 2 Pulgadas (Intermedio Largo en Hoja corrediza (X) o en Hoja fija (O))', '5ccf1c61-66d0-49d6-a6af-c600d140608f', null, 'Largo'::medida_base_enum, '{"tipo":"por_intermedios","sistema":"fijo","eje":"largo1","multiplicador":1}'::jsonb, '{"operaciones":[{"tipo":"restar_valor","valor":16},{"tipo":"dividir_entre","valor":2}]}'::jsonb),
  ('374b94b9-8c62-4c3b-ad9b-f2393a1eaf65', 'Zoclo cabezal 2 Pulgadas (Intermedio Alto en Hoja corrediza (X))', '5ccf1c61-66d0-49d6-a6af-c600d140608f', null, 'Alto'::medida_base_enum, '{"tipo":"por_intermedios","sistema":"corredizo","eje":"alto","multiplicador":1}'::jsonb, '{"operaciones":[{"tipo":"restar_constante","referencia":"zoclo_alto"},{"tipo":"restar_constante","referencia":"zoclo_cabezal"}]}'::jsonb),
  ('374b94b9-8c62-4c3b-ad9b-f2393a1eaf65', 'Zoclo cabezal 2 Pulgadas (Intermedio Alto en Hoja Fija (O))', '5ccf1c61-66d0-49d6-a6af-c600d140608f', null, 'Alto'::medida_base_enum, '{"tipo":"por_intermedios","sistema":"fijo","eje":"alto","multiplicador":1}'::jsonb, '{"operaciones":[{"tipo":"restar_constante","referencia":"zoclo_alto"},{"tipo":"restar_constante","referencia":"zoclo_cabezal"}]}'::jsonb),
  ('8018bfba-325e-4002-ac4b-39512921e704', 'Riel 2 Pulgadas (Contramarco)', '687ec353-b435-4f32-af2e-3868f1330b54', null, 'Largo'::medida_base_enum, '{"tipo":"fija","valor":1}'::jsonb, '{"operaciones":[{"tipo":"restar_valor","valor":0}]}'::jsonb),
  ('8018bfba-325e-4002-ac4b-39512921e704', 'Chambrana 2 Pulgadas (Contramarco)', 'a1e26169-5265-47c2-a381-05494908079d', null, 'Largo'::medida_base_enum, '{"tipo":"fija","valor":1}'::jsonb, '{"operaciones":[{"tipo":"restar_valor","valor":0}]}'::jsonb),
  ('8018bfba-325e-4002-ac4b-39512921e704', 'Chambrana 2 Pulgadas (Contramarco)', 'a1e26169-5265-47c2-a381-05494908079d', null, 'Alto'::medida_base_enum, '{"tipo":"fija","valor":2}'::jsonb, '{"operaciones":[{"tipo":"restar_valor","valor":2.6}]}'::jsonb),
  ('8018bfba-325e-4002-ac4b-39512921e704', 'Poste 2 Pulgadas (Hoja Corrediza (X))', '96703ea9-3daf-447b-a746-5de29c052aaa', null, 'Alto'::medida_base_enum, '{"tipo":"fija","valor":2}'::jsonb, '{"operaciones":[{"tipo":"restar_valor","valor":4}]}'::jsonb),
  ('8018bfba-325e-4002-ac4b-39512921e704', 'Traslape 2 Pulgadas (Hoja Corrediza (X))', '8e1e766c-5d16-4d53-a3c9-815e79ae41cd', null, 'Alto'::medida_base_enum, '{"tipo":"fija","valor":2}'::jsonb, '{"operaciones":[{"tipo":"restar_valor","valor":4}]}'::jsonb),
  ('8018bfba-325e-4002-ac4b-39512921e704', 'Traslape 2 Pulgadas (Hoja Fija (O))', '8e1e766c-5d16-4d53-a3c9-815e79ae41cd', null, 'Alto'::medida_base_enum, '{"tipo":"fija","valor":2}'::jsonb, '{"operaciones":[{"tipo":"restar_valor","valor":3}]}'::jsonb),
  ('8018bfba-325e-4002-ac4b-39512921e704', 'Zoclo Alto 2 pulgadas corrediza (Hoja Corrediza (X))', '5073818a-3562-436b-ac9d-c2708e08c358', null, 'Largo'::medida_base_enum, '{"tipo":"fija","valor":3}'::jsonb, '{"operaciones":[{"tipo":"restar_valor","valor":20.6},{"tipo":"dividir_entre","valor":3}]}'::jsonb),
  ('8018bfba-325e-4002-ac4b-39512921e704', 'Zoclo cabezal 2 Pulgadas (Hoja Corrediza (X))', '5ccf1c61-66d0-49d6-a6af-c600d140608f', null, 'Largo'::medida_base_enum, '{"tipo":"fija","valor":3}'::jsonb, '{"operaciones":[{"tipo":"restar_valor","valor":20.6},{"tipo":"dividir_entre","valor":3}]}'::jsonb),
  ('8018bfba-325e-4002-ac4b-39512921e704', 'Zoclo cabezal 2 Pulgadas (Intermedio Largo en Hoja corrediza (X) o en Hoja fija (O))', '5ccf1c61-66d0-49d6-a6af-c600d140608f', null, 'Largo'::medida_base_enum, '{"tipo":"por_intermedios","sistema":"fijo","eje":"largo1","multiplicador":1}'::jsonb, '{"operaciones":[{"tipo":"restar_valor","valor":20.6},{"tipo":"dividir_entre","valor":3}]}'::jsonb),
  ('8018bfba-325e-4002-ac4b-39512921e704', 'Zoclo cabezal 2 Pulgadas (Intermedio Alto en Hoja corrediza (X))', '5ccf1c61-66d0-49d6-a6af-c600d140608f', null, 'Alto'::medida_base_enum, '{"tipo":"por_intermedios","sistema":"corredizo","eje":"alto","multiplicador":1}'::jsonb, '{"operaciones":[{"tipo":"restar_constante","referencia":"zoclo_alto"},{"tipo":"restar_constante","referencia":"zoclo_cabezal"}]}'::jsonb),
  ('8018bfba-325e-4002-ac4b-39512921e704', 'Zoclo cabezal 2 Pulgadas (Intermedio Alto en Hoja Fija (O))', '5ccf1c61-66d0-49d6-a6af-c600d140608f', null, 'Alto'::medida_base_enum, '{"tipo":"por_intermedios","sistema":"fijo","eje":"alto","multiplicador":1}'::jsonb, '{"operaciones":[{"tipo":"restar_constante","referencia":"zoclo_alto"},{"tipo":"restar_constante","referencia":"zoclo_cabezal"}]}'::jsonb),
  ('fe0eb10a-9776-44e5-a2a3-c7da413cd053', 'Riel 2 Pulgadas (Contramarco)', '687ec353-b435-4f32-af2e-3868f1330b54', null, 'Largo'::medida_base_enum, '{"tipo":"fija","valor":1}'::jsonb, '{"operaciones":[{"tipo":"restar_valor","valor":0}]}'::jsonb),
  ('fe0eb10a-9776-44e5-a2a3-c7da413cd053', 'Chambrana 2 Pulgadas (Contramarco)', 'a1e26169-5265-47c2-a381-05494908079d', null, 'Largo'::medida_base_enum, '{"tipo":"fija","valor":1}'::jsonb, '{"operaciones":[{"tipo":"restar_valor","valor":0}]}'::jsonb),
  ('fe0eb10a-9776-44e5-a2a3-c7da413cd053', 'Chambrana 2 Pulgadas (Contramarco)', 'a1e26169-5265-47c2-a381-05494908079d', null, 'Alto'::medida_base_enum, '{"tipo":"fija","valor":2}'::jsonb, '{"operaciones":[{"tipo":"restar_valor","valor":2.6}]}'::jsonb),
  ('fe0eb10a-9776-44e5-a2a3-c7da413cd053', 'Poste 2 Pulgadas (Hoja Corrediza (X))', '96703ea9-3daf-447b-a746-5de29c052aaa', null, 'Alto'::medida_base_enum, '{"tipo":"fija","valor":2}'::jsonb, '{"operaciones":[{"tipo":"restar_valor","valor":4}]}'::jsonb),
  ('fe0eb10a-9776-44e5-a2a3-c7da413cd053', 'Adaptador Oxxo 2 Pulgadas (Hoja Corrediza (X))', '46e60b46-bada-401a-afbd-bcc6b2098031', null, 'Alto'::medida_base_enum, '{"tipo":"fija","valor":1}'::jsonb, '{"operaciones":[{"tipo":"restar_valor","valor":4}]}'::jsonb),
  ('fe0eb10a-9776-44e5-a2a3-c7da413cd053', 'Traslape 2 Pulgadas (Hoja Corrediza (X))', '8e1e766c-5d16-4d53-a3c9-815e79ae41cd', null, 'Alto'::medida_base_enum, '{"tipo":"fija","valor":2}'::jsonb, '{"operaciones":[{"tipo":"restar_valor","valor":4}]}'::jsonb),
  ('fe0eb10a-9776-44e5-a2a3-c7da413cd053', 'Traslape 2 Pulgadas (Hoja Fija (O))', '8e1e766c-5d16-4d53-a3c9-815e79ae41cd', null, 'Alto'::medida_base_enum, '{"tipo":"fija","valor":2}'::jsonb, '{"operaciones":[{"tipo":"restar_valor","valor":3}]}'::jsonb),
  ('fe0eb10a-9776-44e5-a2a3-c7da413cd053', 'Poste 2 Pulgadas (Hoja Fija (O))', '96703ea9-3daf-447b-a746-5de29c052aaa', null, 'Alto'::medida_base_enum, '{"tipo":"fija","valor":2}'::jsonb, '{"operaciones":[{"tipo":"restar_valor","valor":3}]}'::jsonb),
  ('fe0eb10a-9776-44e5-a2a3-c7da413cd053', 'Zoclo Alto 2 pulgadas corrediza (Hoja Corrediza (X))', '5073818a-3562-436b-ac9d-c2708e08c358', null, 'Largo'::medida_base_enum, '{"tipo":"fija","valor":4}'::jsonb, '{"operaciones":[{"tipo":"restar_valor","valor":29.6},{"tipo":"dividir_entre","valor":4}]}'::jsonb),
  ('fe0eb10a-9776-44e5-a2a3-c7da413cd053', 'Zoclo cabezal 2 Pulgadas (Hoja Corrediza (X))', '5ccf1c61-66d0-49d6-a6af-c600d140608f', null, 'Largo'::medida_base_enum, '{"tipo":"fija","valor":4}'::jsonb, '{"operaciones":[{"tipo":"restar_valor","valor":29.6},{"tipo":"dividir_entre","valor":4}]}'::jsonb),
  ('fe0eb10a-9776-44e5-a2a3-c7da413cd053', 'Zoclo cabezal 2 Pulgadas (Intermedio Largo en Hoja corrediza (X) o en Hoja fija (O))', '5ccf1c61-66d0-49d6-a6af-c600d140608f', null, 'Largo'::medida_base_enum, '{"tipo":"por_intermedios","sistema":"fijo","eje":"largo1","multiplicador":1}'::jsonb, '{"operaciones":[{"tipo":"restar_valor","valor":29.6},{"tipo":"dividir_entre","valor":4}]}'::jsonb),
  ('fe0eb10a-9776-44e5-a2a3-c7da413cd053', 'Zoclo cabezal 2 Pulgadas (Intermedio Alto en Hoja corrediza (X))', '5ccf1c61-66d0-49d6-a6af-c600d140608f', null, 'Alto'::medida_base_enum, '{"tipo":"por_intermedios","sistema":"corredizo","eje":"alto","multiplicador":1}'::jsonb, '{"operaciones":[{"tipo":"restar_constante","referencia":"zoclo_alto"},{"tipo":"restar_constante","referencia":"zoclo_cabezal"}]}'::jsonb),
  ('fe0eb10a-9776-44e5-a2a3-c7da413cd053', 'Zoclo cabezal 2 Pulgadas (Intermedio Alto en Hoja Fija (O))', '5ccf1c61-66d0-49d6-a6af-c600d140608f', null, 'Alto'::medida_base_enum, '{"tipo":"por_intermedios","sistema":"fijo","eje":"alto","multiplicador":1}'::jsonb, '{"operaciones":[{"tipo":"restar_constante","referencia":"zoclo_alto"},{"tipo":"restar_constante","referencia":"zoclo_cabezal"}]}'::jsonb),
  ('52281f3d-1788-41cb-a897-83b20bb7eddb', 'Escalonado 2 Pulgadas (Contramarco)', '0cee62d4-cbd9-4349-a375-2a8ef872c293', null, 'Largo'::medida_base_enum, '{"tipo":"fija","valor":2}'::jsonb, '{"operaciones":[{"tipo":"restar_valor","valor":0}]}'::jsonb),
  ('52281f3d-1788-41cb-a897-83b20bb7eddb', 'Escalonado 2 Pulgadas (Contramarco)', '0cee62d4-cbd9-4349-a375-2a8ef872c293', null, 'Alto'::medida_base_enum, '{"tipo":"fija","valor":2}'::jsonb, '{"operaciones":[{"tipo":"restar_valor","valor":2.6}]}'::jsonb),
  ('52281f3d-1788-41cb-a897-83b20bb7eddb', 'Junquillo 2 Pulgadas (Contramarco)', '85fdebcb-7c20-40bf-a4e5-c9b800e067e8', null, 'Largo'::medida_base_enum, '{"tipo":"fija","valor":2}'::jsonb, '{"operaciones":[{"tipo":"restar_valor","valor":2.6}]}'::jsonb),
  ('52281f3d-1788-41cb-a897-83b20bb7eddb', 'Junquillo 2 Pulgadas (Contramarco)', '85fdebcb-7c20-40bf-a4e5-c9b800e067e8', null, 'Alto'::medida_base_enum, '{"tipo":"fija","valor":2}'::jsonb, '{"operaciones":[{"tipo":"restar_valor","valor":5.2}]}'::jsonb),
  ('52281f3d-1788-41cb-a897-83b20bb7eddb', 'Escalonado 2 Pulgadas (Intermedio)', '0cee62d4-cbd9-4349-a375-2a8ef872c293', null, 'Largo'::medida_base_enum, '{"tipo":"por_intermedios","sistema":"fijo","eje":"largo1","multiplicador":1}'::jsonb, '{"operaciones":[{"tipo":"restar_valor","valor":2.6}]}'::jsonb),
  ('52281f3d-1788-41cb-a897-83b20bb7eddb', 'Escalonado 2 Pulgadas (Intermedio)', '0cee62d4-cbd9-4349-a375-2a8ef872c293', null, 'Alto'::medida_base_enum, '{"tipo":"por_intermedios","sistema":"fijo","eje":"alto","multiplicador":1}'::jsonb, '{"operaciones":[{"tipo":"restar_valor","valor":2.6}]}'::jsonb),
  ('52281f3d-1788-41cb-a897-83b20bb7eddb', 'Junquillo 2 Pulgadas (Intermedio)', '85fdebcb-7c20-40bf-a4e5-c9b800e067e8', null, 'Largo'::medida_base_enum, '{"tipo":"por_intermedios","sistema":"fijo","eje":"largo1","multiplicador":1}'::jsonb, '{"operaciones":[{"tipo":"restar_valor","valor":2.6}]}'::jsonb),
  ('52281f3d-1788-41cb-a897-83b20bb7eddb', 'Junquillo 2 Pulgadas (Intermedio)', '85fdebcb-7c20-40bf-a4e5-c9b800e067e8', null, 'Alto'::medida_base_enum, '{"tipo":"por_intermedios","sistema":"fijo","eje":"alto","multiplicador":1}'::jsonb, '{"operaciones":[{"tipo":"restar_valor","valor":5.2}]}'::jsonb),
  ('0a101d34-6843-44f8-a6d7-d6a13f650153', 'Escalonado 2 Pulgadas (Contramarco)', '0cee62d4-cbd9-4349-a375-2a8ef872c293', null, 'Largo'::medida_base_enum, '{"tipo":"fija","valor":1}'::jsonb, '{"operaciones":[{"tipo":"restar_valor","valor":0}]}'::jsonb),
  ('0a101d34-6843-44f8-a6d7-d6a13f650153', 'Escalonado 2 Pulgadas (Contramarco)', '0cee62d4-cbd9-4349-a375-2a8ef872c293', null, 'Alto'::medida_base_enum, '{"tipo":"fija","valor":2}'::jsonb, '{"operaciones":[{"tipo":"restar_valor","valor":1.3}]}'::jsonb),
  ('0a101d34-6843-44f8-a6d7-d6a13f650153', 'Junquillo 2 Pulgadas (Contramarco)', '85fdebcb-7c20-40bf-a4e5-c9b800e067e8', null, 'Largo'::medida_base_enum, '{"tipo":"fija","valor":2}'::jsonb, '{"operaciones":[{"tipo":"restar_valor","valor":2.6}]}'::jsonb),
  ('0a101d34-6843-44f8-a6d7-d6a13f650153', 'Junquillo 2 Pulgadas (Contramarco)', '85fdebcb-7c20-40bf-a4e5-c9b800e067e8', null, 'Alto'::medida_base_enum, '{"tipo":"fija","valor":2}'::jsonb, '{"operaciones":[{"tipo":"restar_valor","valor":5.2}]}'::jsonb),
  ('0a101d34-6843-44f8-a6d7-d6a13f650153', 'Tapa Chambrana 2 Pulgadas (Contramarco)', 'd47550a6-2597-4298-ad2c-bb20569cad0f', null, 'Largo'::medida_base_enum, '{"tipo":"fija","valor":1}'::jsonb, '{"operaciones":[{"tipo":"restar_valor","valor":0}]}'::jsonb),
  ('52281f3d-1788-41cb-a897-83b20bb7eddb', 'Escalonado 2 Pulgadas (Intermedio)', '0cee62d4-cbd9-4349-a375-2a8ef872c293', null, 'Largo'::medida_base_enum, '{"tipo":"por_intermedios","sistema":"fijo","eje":"largo1","multiplicador":1}'::jsonb, '{"operaciones":[{"tipo":"restar_valor","valor":2.6}]}'::jsonb),
  ('52281f3d-1788-41cb-a897-83b20bb7eddb', 'Escalonado 2 Pulgadas (Intermedio)', '0cee62d4-cbd9-4349-a375-2a8ef872c293', null, 'Alto'::medida_base_enum, '{"tipo":"por_intermedios","sistema":"fijo","eje":"alto","multiplicador":1}'::jsonb, '{"operaciones":[{"tipo":"restar_valor","valor":2.6}]}'::jsonb),
  ('52281f3d-1788-41cb-a897-83b20bb7eddb', 'Junquillo 2 Pulgadas (Intermedio)', '85fdebcb-7c20-40bf-a4e5-c9b800e067e8', null, 'Largo'::medida_base_enum, '{"tipo":"por_intermedios","sistema":"fijo","eje":"largo1","multiplicador":1}'::jsonb, '{"operaciones":[{"tipo":"restar_valor","valor":2.6}]}'::jsonb),
  ('52281f3d-1788-41cb-a897-83b20bb7eddb', 'Junquillo 2 Pulgadas (Intermedio)', '85fdebcb-7c20-40bf-a4e5-c9b800e067e8', null, 'Alto'::medida_base_enum, '{"tipo":"por_intermedios","sistema":"fijo","eje":"alto","multiplicador":1}'::jsonb, '{"operaciones":[{"tipo":"restar_valor","valor":5.2}]}'::jsonb),
  ('72ac55cc-297a-4fc0-ac2e-1a9c343e56df', 'Riel 3 Pulgadas (Contramarco)', 'f95b2f7f-bc65-4568-afc2-d86fc4f5f048', null, 'Largo'::medida_base_enum, '{"tipo":"fija","valor":1}'::jsonb, '{"operaciones":[{"tipo":"restar_valor","valor":0}]}'::jsonb),
  ('72ac55cc-297a-4fc0-ac2e-1a9c343e56df', 'Chambrana 3 Pulgadas (Contramarco)', '10be4ff0-1428-42d5-a2d1-ec80fcf97244', null, 'Largo'::medida_base_enum, '{"tipo":"fija","valor":1}'::jsonb, '{"operaciones":[{"tipo":"restar_valor","valor":0}]}'::jsonb),
  ('72ac55cc-297a-4fc0-ac2e-1a9c343e56df', 'Chambrana 3 Pulgadas (Contramarco)', '10be4ff0-1428-42d5-a2d1-ec80fcf97244', null, 'Alto'::medida_base_enum, '{"tipo":"fija","valor":2}'::jsonb, '{"operaciones":[{"tipo":"restar_valor","valor":2.6}]}'::jsonb),
  ('72ac55cc-297a-4fc0-ac2e-1a9c343e56df', 'Poste 3 Pulgadas (Hoja Corrediza (X))', 'a5edd3ad-0b1a-47c8-aee9-907f96516646', null, 'Alto'::medida_base_enum, '{"tipo":"fija","valor":2}'::jsonb, '{"operaciones":[{"tipo":"restar_valor","valor":4}]}'::jsonb),
  ('72ac55cc-297a-4fc0-ac2e-1a9c343e56df', 'Traslape 3 Pulgadas (Hoja Corrediza (X))', 'af036a4c-4844-45d7-af54-b3b225e6da36', null, 'Alto'::medida_base_enum, '{"tipo":"fija","valor":2}'::jsonb, '{"operaciones":[{"tipo":"restar_valor","valor":4}]}'::jsonb),
  ('72ac55cc-297a-4fc0-ac2e-1a9c343e56df', 'Zoclo 3 Pulgadas (Hoja Corrediza (X))', null, null, 'Largo'::medida_base_enum, '{"tipo":"fija","valor":2}'::jsonb, '{"operaciones":[{"tipo":"restar_valor","valor":18},{"tipo":"dividir_entre","valor":2}]}'::jsonb),
  ('72ac55cc-297a-4fc0-ac2e-1a9c343e56df', 'Intermedio 3 Pulgadas (Hoja Corrediza (X))', 'eee94abe-40b6-4b14-a866-4032d4de7818', null, 'Largo'::medida_base_enum, '{"tipo":"fija","valor":2}'::jsonb, '{"operaciones":[{"tipo":"restar_valor","valor":18},{"tipo":"dividir_entre","valor":2}]}'::jsonb),
  ('72ac55cc-297a-4fc0-ac2e-1a9c343e56df', 'Intermedio 3 Pulgadas (Intermedio Largo en Hoja corrediza (X) o en Hoja fija (O))', 'eee94abe-40b6-4b14-a866-4032d4de7818', null, 'Largo'::medida_base_enum, '{"tipo":"por_intermedios","sistema":"fijo","eje":"largo1","multiplicador":1}'::jsonb, '{"operaciones":[{"tipo":"restar_valor","valor":18},{"tipo":"dividir_entre","valor":2}]}'::jsonb),
  ('72ac55cc-297a-4fc0-ac2e-1a9c343e56df', 'Intermedio 3 Pulgadas (Intermedio Alto en Hoja corrediza (X))', 'eee94abe-40b6-4b14-a866-4032d4de7818', null, 'Alto'::medida_base_enum, '{"tipo":"por_intermedios","sistema":"corredizo","eje":"alto","multiplicador":1}'::jsonb, '{"operaciones":[{"tipo":"restar_constante","referencia":"zoclo_alto"},{"tipo":"restar_constante","referencia":"zoclo_cabezal"}]}'::jsonb),
  ('72ac55cc-297a-4fc0-ac2e-1a9c343e56df', 'Intermedio 3 Pulgadas (Intermedio Alto en Hoja Fija (O))', 'eee94abe-40b6-4b14-a866-4032d4de7818', null, 'Alto'::medida_base_enum, '{"tipo":"por_intermedios","sistema":"fijo","eje":"alto","multiplicador":1}'::jsonb, '{"operaciones":[{"tipo":"restar_constante","referencia":"zoclo_alto"},{"tipo":"restar_constante","referencia":"zoclo_cabezal"}]}'::jsonb),
  ('72ac55cc-297a-4fc0-ac2e-1a9c343e56df', 'Riel adicional 2 Pulgadas (Contramarco)', 'fe0dc9f3-5e82-44ae-a07b-c2259f48620c', null, 'Largo'::medida_base_enum, '{"tipo":"fija","valor":0}'::jsonb, '{"operaciones":[{"tipo":"restar_valor","valor":6.4}]}'::jsonb),
  ('0d76effb-e393-426f-ab8c-9866a708f458', 'Riel 3 Pulgadas (Contramarco)', 'f95b2f7f-bc65-4568-afc2-d86fc4f5f048', null, 'Largo'::medida_base_enum, '{"tipo":"fija","valor":1}'::jsonb, '{"operaciones":[{"tipo":"restar_valor","valor":0}]}'::jsonb),
  ('0d76effb-e393-426f-ab8c-9866a708f458', 'Chambrana 3 Pulgadas (Contramarco)', '10be4ff0-1428-42d5-a2d1-ec80fcf97244', null, 'Largo'::medida_base_enum, '{"tipo":"fija","valor":1}'::jsonb, '{"operaciones":[{"tipo":"restar_valor","valor":0}]}'::jsonb),
  ('0d76effb-e393-426f-ab8c-9866a708f458', 'Chambrana 3 Pulgadas (Contramarco)', '10be4ff0-1428-42d5-a2d1-ec80fcf97244', null, 'Alto'::medida_base_enum, '{"tipo":"fija","valor":2}'::jsonb, '{"operaciones":[{"tipo":"restar_valor","valor":2.6}]}'::jsonb),
  ('0d76effb-e393-426f-ab8c-9866a708f458', 'Poste 3 Pulgadas (Hoja Corrediza (X))', 'a5edd3ad-0b1a-47c8-aee9-907f96516646', null, 'Alto'::medida_base_enum, '{"tipo":"fija","valor":1}'::jsonb, '{"operaciones":[{"tipo":"restar_valor","valor":4}]}'::jsonb),
  ('0d76effb-e393-426f-ab8c-9866a708f458', 'Poste 3 Pulgadas (Hoja Fija(O))', 'a5edd3ad-0b1a-47c8-aee9-907f96516646', null, 'Alto'::medida_base_enum, '{"tipo":"fija","valor":1}'::jsonb, '{"operaciones":[{"tipo":"restar_valor","valor":3}]}'::jsonb),
  ('0d76effb-e393-426f-ab8c-9866a708f458', 'Traslape 3 Pulgadas (Hoja Corrediza (X))', 'af036a4c-4844-45d7-af54-b3b225e6da36', null, 'Alto'::medida_base_enum, '{"tipo":"fija","valor":1}'::jsonb, '{"operaciones":[{"tipo":"restar_valor","valor":4}]}'::jsonb),
  ('0d76effb-e393-426f-ab8c-9866a708f458', 'Traslape 3 Pulgadas (Hoja Fija (O))', 'af036a4c-4844-45d7-af54-b3b225e6da36', null, 'Alto'::medida_base_enum, '{"tipo":"fija","valor":1}'::jsonb, '{"operaciones":[{"tipo":"restar_valor","valor":3}]}'::jsonb),
  ('0d76effb-e393-426f-ab8c-9866a708f458', 'Zoclo 3 Pulgadas (Hoja Corrediza (X))', null, null, 'Largo'::medida_base_enum, '{"tipo":"fija","valor":2}'::jsonb, '{"operaciones":[{"tipo":"restar_valor","valor":18},{"tipo":"dividir_entre","valor":2}]}'::jsonb),
  ('0d76effb-e393-426f-ab8c-9866a708f458', 'Intermedio 3 Pulgadas (Hoja Corrediza (X))', 'eee94abe-40b6-4b14-a866-4032d4de7818', null, 'Largo'::medida_base_enum, '{"tipo":"fija","valor":2}'::jsonb, '{"operaciones":[{"tipo":"restar_valor","valor":18},{"tipo":"dividir_entre","valor":2}]}'::jsonb),
  ('0d76effb-e393-426f-ab8c-9866a708f458', 'Intermedio 3 Pulgadas (Intermedio Largo en Hoja corrediza (X) o en Hoja fija (O))', 'eee94abe-40b6-4b14-a866-4032d4de7818', null, 'Largo'::medida_base_enum, '{"tipo":"por_intermedios","sistema":"fijo","eje":"largo1","multiplicador":1}'::jsonb, '{"operaciones":[{"tipo":"restar_valor","valor":18},{"tipo":"dividir_entre","valor":2}]}'::jsonb),
  ('0d76effb-e393-426f-ab8c-9866a708f458', 'Intermedio 3 Pulgadas (Intermedio Alto en Hoja corrediza (X))', 'eee94abe-40b6-4b14-a866-4032d4de7818', null, 'Alto'::medida_base_enum, '{"tipo":"por_intermedios","sistema":"corredizo","eje":"alto","multiplicador":1}'::jsonb, '{"operaciones":[{"tipo":"restar_constante","referencia":"zoclo_alto"},{"tipo":"restar_constante","referencia":"zoclo_cabezal"}]}'::jsonb),
  ('0d76effb-e393-426f-ab8c-9866a708f458', 'Intermedio 3 Pulgadas (Intermedio Alto en Hoja Fija (O))', 'eee94abe-40b6-4b14-a866-4032d4de7818', null, 'Alto'::medida_base_enum, '{"tipo":"por_intermedios","sistema":"fijo","eje":"alto","multiplicador":1}'::jsonb, '{"operaciones":[{"tipo":"restar_constante","referencia":"zoclo_alto"},{"tipo":"restar_constante","referencia":"zoclo_cabezal"}]}'::jsonb),
  ('55c93152-e775-45b2-aa59-152961d92bed', 'Riel 3 Pulgadas (Contramarco)', 'f95b2f7f-bc65-4568-afc2-d86fc4f5f048', null, 'Largo'::medida_base_enum, '{"tipo":"fija","valor":1}'::jsonb, '{"operaciones":[{"tipo":"restar_valor","valor":0}]}'::jsonb),
  ('55c93152-e775-45b2-aa59-152961d92bed', 'Chambrana 3 Pulgadas (Contramarco)', '10be4ff0-1428-42d5-a2d1-ec80fcf97244', null, 'Largo'::medida_base_enum, '{"tipo":"fija","valor":1}'::jsonb, '{"operaciones":[{"tipo":"restar_valor","valor":0}]}'::jsonb),
  ('55c93152-e775-45b2-aa59-152961d92bed', 'Chambrana 3 Pulgadas (Contramarco)', '10be4ff0-1428-42d5-a2d1-ec80fcf97244', null, 'Alto'::medida_base_enum, '{"tipo":"fija","valor":2}'::jsonb, '{"operaciones":[{"tipo":"restar_valor","valor":2.6}]}'::jsonb),
  ('55c93152-e775-45b2-aa59-152961d92bed', 'Poste 3 Pulgadas (Hoja Corrediza (X))', 'a5edd3ad-0b1a-47c8-aee9-907f96516646', null, 'Alto'::medida_base_enum, '{"tipo":"fija","valor":2}'::jsonb, '{"operaciones":[{"tipo":"restar_valor","valor":4}]}'::jsonb),
  ('55c93152-e775-45b2-aa59-152961d92bed', 'Traslape 3 Pulgadas (Hoja Corrediza (X))', 'af036a4c-4844-45d7-af54-b3b225e6da36', null, 'Alto'::medida_base_enum, '{"tipo":"fija","valor":2}'::jsonb, '{"operaciones":[{"tipo":"restar_valor","valor":4}]}'::jsonb),
  ('55c93152-e775-45b2-aa59-152961d92bed', 'Traslape 3 Pulgadas (Hoja Fija (O))', 'af036a4c-4844-45d7-af54-b3b225e6da36', null, 'Alto'::medida_base_enum, '{"tipo":"fija","valor":2}'::jsonb, '{"operaciones":[{"tipo":"restar_valor","valor":3}]}'::jsonb),
  ('55c93152-e775-45b2-aa59-152961d92bed', 'Zoclo Alto 3 Pulgadas corrediza (Hoja Corrediza (X))', '3455edef-1f2e-4b65-a640-d3c62f01b769', null, 'Largo'::medida_base_enum, '{"tipo":"fija","valor":3}'::jsonb, '{"operaciones":[{"tipo":"restar_valor","valor":23},{"tipo":"dividir_entre","valor":3}]}'::jsonb),
  ('55c93152-e775-45b2-aa59-152961d92bed', 'Zoclo cabezal 3 Pulgadas (Hoja Corrediza (X))', 'c09fd391-f69c-4cdf-a367-6d06a52092fa', null, 'Largo'::medida_base_enum, '{"tipo":"fija","valor":3}'::jsonb, '{"operaciones":[{"tipo":"restar_valor","valor":23},{"tipo":"dividir_entre","valor":3}]}'::jsonb),
  ('55c93152-e775-45b2-aa59-152961d92bed', 'Zoclo cabezal 3 Pulgadas (Intermedio Largo en Hoja corrediza (X) o en Hoja fija (O))', 'c09fd391-f69c-4cdf-a367-6d06a52092fa', null, 'Largo'::medida_base_enum, '{"tipo":"por_intermedios","sistema":"fijo","eje":"largo1","multiplicador":1}'::jsonb, '{"operaciones":[{"tipo":"restar_valor","valor":23},{"tipo":"dividir_entre","valor":3}]}'::jsonb),
  ('55c93152-e775-45b2-aa59-152961d92bed', 'Zoclo cabezal 3 Pulgadas (Intermedio Alto en Hoja corrediza (X))', 'c09fd391-f69c-4cdf-a367-6d06a52092fa', null, 'Alto'::medida_base_enum, '{"tipo":"por_intermedios","sistema":"corredizo","eje":"alto","multiplicador":1}'::jsonb, '{"operaciones":[{"tipo":"restar_constante","referencia":"zoclo_alto"},{"tipo":"restar_constante","referencia":"zoclo_cabezal"}]}'::jsonb),
  ('55c93152-e775-45b2-aa59-152961d92bed', 'Zoclo cabezal 3 Pulgadas (Intermedio Alto en Hoja Fija (O))', 'c09fd391-f69c-4cdf-a367-6d06a52092fa', null, 'Alto'::medida_base_enum, '{"tipo":"por_intermedios","sistema":"fijo","eje":"alto","multiplicador":1}'::jsonb, '{"operaciones":[{"tipo":"restar_constante","referencia":"zoclo_alto"},{"tipo":"restar_constante","referencia":"zoclo_cabezal"}]}'::jsonb),
  ('30a1d3a4-14ac-40df-abbd-61dff273d546', 'Riel 3 Pulgadas (Contramarco)', 'f95b2f7f-bc65-4568-afc2-d86fc4f5f048', null, 'Largo'::medida_base_enum, '{"tipo":"fija","valor":1}'::jsonb, '{"operaciones":[{"tipo":"restar_valor","valor":0}]}'::jsonb),
  ('30a1d3a4-14ac-40df-abbd-61dff273d546', 'Chambrana 3 Pulgadas (Contramarco)', '10be4ff0-1428-42d5-a2d1-ec80fcf97244', null, 'Largo'::medida_base_enum, '{"tipo":"fija","valor":1}'::jsonb, '{"operaciones":[{"tipo":"restar_valor","valor":0}]}'::jsonb),
  ('30a1d3a4-14ac-40df-abbd-61dff273d546', 'Chambrana 3 Pulgadas (Contramarco)', '10be4ff0-1428-42d5-a2d1-ec80fcf97244', null, 'Alto'::medida_base_enum, '{"tipo":"fija","valor":2}'::jsonb, '{"operaciones":[{"tipo":"restar_valor","valor":2.6}]}'::jsonb),
  ('30a1d3a4-14ac-40df-abbd-61dff273d546', 'Poste 3 Pulgadas (Hoja Corrediza (X))', 'a5edd3ad-0b1a-47c8-aee9-907f96516646', null, 'Alto'::medida_base_enum, '{"tipo":"fija","valor":2}'::jsonb, '{"operaciones":[{"tipo":"restar_valor","valor":4}]}'::jsonb),
  ('30a1d3a4-14ac-40df-abbd-61dff273d546', 'Adaptador Oxxo 3 Pulgadas (Hoja Corrediza (X))', '90d1ffdc-5e0e-442a-af41-6b8330bcf992', null, 'Alto'::medida_base_enum, '{"tipo":"fija","valor":1}'::jsonb, '{"operaciones":[{"tipo":"restar_valor","valor":4}]}'::jsonb),
  ('30a1d3a4-14ac-40df-abbd-61dff273d546', 'Traslape 3 Pulgadas (Hoja Corrediza (X))', 'af036a4c-4844-45d7-af54-b3b225e6da36', null, 'Alto'::medida_base_enum, '{"tipo":"fija","valor":2}'::jsonb, '{"operaciones":[{"tipo":"restar_valor","valor":4}]}'::jsonb),
  ('30a1d3a4-14ac-40df-abbd-61dff273d546', 'Traslape 3 Pulgadas (Hoja Fija (O))', 'af036a4c-4844-45d7-af54-b3b225e6da36', null, 'Alto'::medida_base_enum, '{"tipo":"fija","valor":2}'::jsonb, '{"operaciones":[{"tipo":"restar_valor","valor":3}]}'::jsonb),
  ('30a1d3a4-14ac-40df-abbd-61dff273d546', 'Poste 3 Pulgadas (Hoja Fija (O))', 'a5edd3ad-0b1a-47c8-aee9-907f96516646', null, 'Alto'::medida_base_enum, '{"tipo":"fija","valor":2}'::jsonb, '{"operaciones":[{"tipo":"restar_valor","valor":3}]}'::jsonb),
  ('30a1d3a4-14ac-40df-abbd-61dff273d546', 'Zoclo Alto 3 Pulgadas corrediza (Hoja Corrediza (X))', '3455edef-1f2e-4b65-a640-d3c62f01b769', null, 'Largo'::medida_base_enum, '{"tipo":"fija","valor":4}'::jsonb, '{"operaciones":[{"tipo":"restar_valor","valor":33.2},{"tipo":"dividir_entre","valor":4}]}'::jsonb),
  ('30a1d3a4-14ac-40df-abbd-61dff273d546', 'Zoclo cabezal 3 Pulgadas (Hoja Corrediza (X))', 'c09fd391-f69c-4cdf-a367-6d06a52092fa', null, 'Largo'::medida_base_enum, '{"tipo":"fija","valor":4}'::jsonb, '{"operaciones":[{"tipo":"restar_valor","valor":33.2},{"tipo":"dividir_entre","valor":4}]}'::jsonb),
  ('30a1d3a4-14ac-40df-abbd-61dff273d546', 'Zoclo cabezal 3 Pulgadas (Intermedio Largo en Hoja corrediza (X) o en Hoja fija (O))', 'c09fd391-f69c-4cdf-a367-6d06a52092fa', null, 'Largo'::medida_base_enum, '{"tipo":"por_intermedios","sistema":"fijo","eje":"largo1","multiplicador":1}'::jsonb, '{"operaciones":[{"tipo":"restar_valor","valor":33.2},{"tipo":"dividir_entre","valor":4}]}'::jsonb),
  ('30a1d3a4-14ac-40df-abbd-61dff273d546', 'Zoclo cabezal 3 Pulgadas (Intermedio Alto en Hoja corrediza (X))', 'c09fd391-f69c-4cdf-a367-6d06a52092fa', null, 'Alto'::medida_base_enum, '{"tipo":"por_intermedios","sistema":"corredizo","eje":"alto","multiplicador":1}'::jsonb, '{"operaciones":[{"tipo":"restar_constante","referencia":"zoclo_alto"},{"tipo":"restar_constante","referencia":"zoclo_cabezal"}]}'::jsonb),
  ('30a1d3a4-14ac-40df-abbd-61dff273d546', 'Zoclo cabezal 3 Pulgadas (Intermedio Alto en Hoja Fija (O))', 'c09fd391-f69c-4cdf-a367-6d06a52092fa', null, 'Alto'::medida_base_enum, '{"tipo":"por_intermedios","sistema":"fijo","eje":"alto","multiplicador":1}'::jsonb, '{"operaciones":[{"tipo":"restar_constante","referencia":"zoclo_alto"},{"tipo":"restar_constante","referencia":"zoclo_cabezal"}]}'::jsonb),
  ('8f40e9ef-3474-4774-a51e-155e1be0fd68', 'Escalonado 3 Pulgadas (Contramarco)', '4cd6f370-2e6b-47e4-aeda-67c79ba8c94c', null, 'Largo'::medida_base_enum, '{"tipo":"fija","valor":2}'::jsonb, '{"operaciones":[{"tipo":"restar_valor","valor":0}]}'::jsonb),
  ('8f40e9ef-3474-4774-a51e-155e1be0fd68', 'Escalonado 3 Pulgadas (Contramarco)', '4cd6f370-2e6b-47e4-aeda-67c79ba8c94c', null, 'Alto'::medida_base_enum, '{"tipo":"fija","valor":2}'::jsonb, '{"operaciones":[{"tipo":"restar_valor","valor":2.6}]}'::jsonb),
  ('8f40e9ef-3474-4774-a51e-155e1be0fd68', 'Junquillo 3 Pulgadas (Contramarco)', 'c275d697-54da-4026-a4f9-c53c48c29cd4', null, 'Largo'::medida_base_enum, '{"tipo":"fija","valor":2}'::jsonb, '{"operaciones":[{"tipo":"restar_valor","valor":2.6}]}'::jsonb),
  ('8f40e9ef-3474-4774-a51e-155e1be0fd68', 'Junquillo 3 Pulgadas (Contramarco)', 'c275d697-54da-4026-a4f9-c53c48c29cd4', null, 'Alto'::medida_base_enum, '{"tipo":"fija","valor":2}'::jsonb, '{"operaciones":[{"tipo":"restar_valor","valor":5.2}]}'::jsonb),
  ('8f40e9ef-3474-4774-a51e-155e1be0fd68', 'Escalonado 3 Pulgadas (Intermedio)', '4cd6f370-2e6b-47e4-aeda-67c79ba8c94c', null, 'Largo'::medida_base_enum, '{"tipo":"por_intermedios","sistema":"fijo","eje":"largo1","multiplicador":1}'::jsonb, '{"operaciones":[{"tipo":"restar_valor","valor":2.6}]}'::jsonb),
  ('8f40e9ef-3474-4774-a51e-155e1be0fd68', 'Escalonado 3 Pulgadas (Intermedio)', '4cd6f370-2e6b-47e4-aeda-67c79ba8c94c', null, 'Alto'::medida_base_enum, '{"tipo":"por_intermedios","sistema":"fijo","eje":"alto","multiplicador":1}'::jsonb, '{"operaciones":[{"tipo":"restar_valor","valor":2.6}]}'::jsonb),
  ('8f40e9ef-3474-4774-a51e-155e1be0fd68', 'Junquillo 3 Pulgadas (Intermedio)', 'c275d697-54da-4026-a4f9-c53c48c29cd4', null, 'Largo'::medida_base_enum, '{"tipo":"por_intermedios","sistema":"fijo","eje":"largo1","multiplicador":1}'::jsonb, '{"operaciones":[{"tipo":"restar_valor","valor":2.6}]}'::jsonb),
  ('8f40e9ef-3474-4774-a51e-155e1be0fd68', 'Junquillo 3 Pulgadas (Intermedio)', 'c275d697-54da-4026-a4f9-c53c48c29cd4', null, 'Alto'::medida_base_enum, '{"tipo":"por_intermedios","sistema":"fijo","eje":"alto","multiplicador":1}'::jsonb, '{"operaciones":[{"tipo":"restar_valor","valor":2.6}]}'::jsonb),
  ('c680ca95-c91c-45b1-a0bd-354b4b6ae3a4', 'Escalonado 3 Pulgadas (Contramarco)', '4cd6f370-2e6b-47e4-aeda-67c79ba8c94c', null, 'Largo'::medida_base_enum, '{"tipo":"fija","valor":1}'::jsonb, '{"operaciones":[{"tipo":"restar_valor","valor":0}]}'::jsonb),
  ('c680ca95-c91c-45b1-a0bd-354b4b6ae3a4', 'Escalonado 3 Pulgadas (Contramarco)', '4cd6f370-2e6b-47e4-aeda-67c79ba8c94c', null, 'Alto'::medida_base_enum, '{"tipo":"fija","valor":2}'::jsonb, '{"operaciones":[{"tipo":"restar_valor","valor":1.3}]}'::jsonb),
  ('c680ca95-c91c-45b1-a0bd-354b4b6ae3a4', 'Junquillo 3 Pulgadas (Contramarco)', 'c275d697-54da-4026-a4f9-c53c48c29cd4', null, 'Largo'::medida_base_enum, '{"tipo":"fija","valor":2}'::jsonb, '{"operaciones":[{"tipo":"restar_valor","valor":2.6}]}'::jsonb),
  ('c680ca95-c91c-45b1-a0bd-354b4b6ae3a4', 'Junquillo 3 Pulgadas (Contramarco)', 'c275d697-54da-4026-a4f9-c53c48c29cd4', null, 'Alto'::medida_base_enum, '{"tipo":"fija","valor":2}'::jsonb, '{"operaciones":[{"tipo":"restar_valor","valor":5.2}]}'::jsonb),
  ('c680ca95-c91c-45b1-a0bd-354b4b6ae3a4', 'Tapa Chambrana 3 Pulgadas (Contramarco)', '59d17d99-a47f-418d-a166-dba296e79de6', null, 'Largo'::medida_base_enum, '{"tipo":"fija","valor":1}'::jsonb, '{"operaciones":[{"tipo":"restar_valor","valor":0}]}'::jsonb),
  ('c680ca95-c91c-45b1-a0bd-354b4b6ae3a4', 'Escalonado 3 Pulgadas (Intermedio)', '4cd6f370-2e6b-47e4-aeda-67c79ba8c94c', null, 'Largo'::medida_base_enum, '{"tipo":"por_intermedios","sistema":"fijo","eje":"largo1","multiplicador":1}'::jsonb, '{"operaciones":[{"tipo":"restar_valor","valor":2.6}]}'::jsonb),
  ('c680ca95-c91c-45b1-a0bd-354b4b6ae3a4', 'Escalonado 3 Pulgadas (Intermedio)', '4cd6f370-2e6b-47e4-aeda-67c79ba8c94c', null, 'Alto'::medida_base_enum, '{"tipo":"por_intermedios","sistema":"fijo","eje":"alto","multiplicador":1}'::jsonb, '{"operaciones":[{"tipo":"restar_valor","valor":2.6}]}'::jsonb),
  ('c680ca95-c91c-45b1-a0bd-354b4b6ae3a4', 'Junquillo 3 Pulgadas (Intermedio)', 'c275d697-54da-4026-a4f9-c53c48c29cd4', null, 'Largo'::medida_base_enum, '{"tipo":"por_intermedios","sistema":"fijo","eje":"largo1","multiplicador":1}'::jsonb, '{"operaciones":[{"tipo":"restar_valor","valor":2.6}]}'::jsonb),
  ('c680ca95-c91c-45b1-a0bd-354b4b6ae3a4', 'Junquillo 3 Pulgadas (Intermedio)', 'c275d697-54da-4026-a4f9-c53c48c29cd4', null, 'Alto'::medida_base_enum, '{"tipo":"por_intermedios","sistema":"fijo","eje":"alto","multiplicador":1}'::jsonb, '{"operaciones":[{"tipo":"restar_valor","valor":2.6}]}'::jsonb),
  ('68fcd720-8d60-47f6-a372-2aa54f7c66c3', 'Cerco Liso Ventana (Contramarco)', '6aa09463-6e84-4e87-a062-b6aca5474900', null, 'Largo'::medida_base_enum, '{"tipo":"fija","valor":2}'::jsonb, '{"operaciones":[{"tipo":"restar_valor","valor":0}]}'::jsonb),
  ('68fcd720-8d60-47f6-a372-2aa54f7c66c3', 'Cerco Liso Ventana (Contramarco)', '6aa09463-6e84-4e87-a062-b6aca5474900', null, 'Alto'::medida_base_enum, '{"tipo":"fija","valor":2}'::jsonb, '{"operaciones":[{"tipo":"restar_valor","valor":0}]}'::jsonb),
  ('68fcd720-8d60-47f6-a372-2aa54f7c66c3', 'Hoja Lisa Ventana (Hoja Proyeccion)', '5b24dbc0-8554-4bbe-a0a6-d7983f664f70', null, 'Largo'::medida_base_enum, '{"tipo":"fija","valor":2}'::jsonb, '{"operaciones":[{"tipo":"restar_valor","valor":4.2}]}'::jsonb),
  ('68fcd720-8d60-47f6-a372-2aa54f7c66c3', 'Hoja Lisa Ventana (Hoja Proyeccion)', '5b24dbc0-8554-4bbe-a0a6-d7983f664f70', null, 'Alto'::medida_base_enum, '{"tipo":"fija","valor":2}'::jsonb, '{"operaciones":[{"tipo":"restar_valor","valor":4.2}]}'::jsonb),
  ('68fcd720-8d60-47f6-a372-2aa54f7c66c3', 'Junquillo Ancho (Hoja Proyeccion)', null, null, 'Largo'::medida_base_enum, '{"tipo":"fija","valor":2}'::jsonb, '{"operaciones":[{"tipo":"restar_valor","valor":11.9}]}'::jsonb),
  ('68fcd720-8d60-47f6-a372-2aa54f7c66c3', 'Junquillo Ancho (Hoja Proyeccion)', null, null, 'Alto'::medida_base_enum, '{"tipo":"fija","valor":2}'::jsonb, '{"operaciones":[{"tipo":"restar_valor","valor":14.4}]}'::jsonb),
  ('68fcd720-8d60-47f6-a372-2aa54f7c66c3', 'Pilastra Ventana (intermedio en Hoja Proyeccion o fijo)', '139713e4-55ea-4d3c-a01d-02ac32c3b51c', null, 'Alto'::medida_base_enum, '{"tipo":"por_intermedios","sistema":"fijo","eje":"alto","multiplicador":1}'::jsonb, '{"operaciones":[{"tipo":"restar_constante","referencia":"poste"},{"tipo":"restar_constante","referencia":"poste"}]}'::jsonb),
  ('68fcd720-8d60-47f6-a372-2aa54f7c66c3', 'Pilastra Ventana (intermedio en Hoja Proyeccion)', '139713e4-55ea-4d3c-a01d-02ac32c3b51c', null, 'Largo'::medida_base_enum, '{"tipo":"por_intermedios","sistema":"corredizo","eje":"largo1","multiplicador":1}'::jsonb, '{"operaciones":[{"tipo":"restar_constante","referencia":"poste"},{"tipo":"restar_constante","referencia":"poste"}]}'::jsonb),
  ('61844654-2df7-42ac-a8ee-ad13947861cb', 'Cerco Liso Ventana (Contramarco)', '6aa09463-6e84-4e87-a062-b6aca5474900', null, 'Largo'::medida_base_enum, '{"tipo":"fija","valor":2}'::jsonb, '{"operaciones":[{"tipo":"restar_valor","valor":0}]}'::jsonb),
  ('61844654-2df7-42ac-a8ee-ad13947861cb', 'Cerco Liso Ventana (Contramarco)', '6aa09463-6e84-4e87-a062-b6aca5474900', null, 'Alto'::medida_base_enum, '{"tipo":"fija","valor":2}'::jsonb, '{"operaciones":[{"tipo":"restar_valor","valor":0}]}'::jsonb),
  ('61844654-2df7-42ac-a8ee-ad13947861cb', 'Hoja Lisa Ventana (Hoja Proyeccion)', '5b24dbc0-8554-4bbe-a0a6-d7983f664f70', null, 'Largo'::medida_base_enum, '{"tipo":"fija","valor":4}'::jsonb, '{"operaciones":[{"tipo":"restar_valor","valor":5.4},{"tipo":"dividir_entre","valor":2}]}'::jsonb),
  ('61844654-2df7-42ac-a8ee-ad13947861cb', 'Hoja Lisa Ventana (Hoja Proyeccion)', '5b24dbc0-8554-4bbe-a0a6-d7983f664f70', null, 'Alto'::medida_base_enum, '{"tipo":"fija","valor":4}'::jsonb, '{"operaciones":[{"tipo":"restar_valor","valor":4.2}]}'::jsonb),
  ('61844654-2df7-42ac-a8ee-ad13947861cb', 'Junquillo Ancho (Hoja Proyeccion)', null, null, 'Largo'::medida_base_enum, '{"tipo":"fija","valor":4}'::jsonb, '{"operaciones":[{"tipo":"restar_valor","valor":215},{"tipo":"dividir_entre","valor":2}]}'::jsonb),
  ('61844654-2df7-42ac-a8ee-ad13947861cb', 'Junquillo Ancho (Hoja Proyeccion)', null, null, 'Alto'::medida_base_enum, '{"tipo":"fija","valor":4}'::jsonb, '{"operaciones":[{"tipo":"restar_valor","valor":14.4}]}'::jsonb),
  ('61844654-2df7-42ac-a8ee-ad13947861cb', 'Pilastra Ventana (intermedio)', '139713e4-55ea-4d3c-a01d-02ac32c3b51c', null, 'Largo'::medida_base_enum, '{"tipo":"fija","valor":1}'::jsonb, '{"operaciones":[{"tipo":"restar_valor","valor":9.5}]}'::jsonb),
  ('5f2d623d-6964-4faa-a337-7ab8f233f9a7', 'Cerco Liso Ventana (Contramarco)', '6aa09463-6e84-4e87-a062-b6aca5474900', null, 'Largo'::medida_base_enum, '{"tipo":"fija","valor":2}'::jsonb, '{"operaciones":[{"tipo":"restar_valor","valor":0}]}'::jsonb),
  ('5f2d623d-6964-4faa-a337-7ab8f233f9a7', 'Cerco Liso Ventana (Contramarco)', '6aa09463-6e84-4e87-a062-b6aca5474900', null, 'Alto'::medida_base_enum, '{"tipo":"fija","valor":2}'::jsonb, '{"operaciones":[{"tipo":"restar_valor","valor":0}]}'::jsonb),
  ('5f2d623d-6964-4faa-a337-7ab8f233f9a7', 'Junquillo Ancho (Contramarco)', null, null, 'Largo'::medida_base_enum, '{"tipo":"fija","valor":2}'::jsonb, '{"operaciones":[{"tipo":"restar_valor","valor":5.2}]}'::jsonb),
  ('5f2d623d-6964-4faa-a337-7ab8f233f9a7', 'Junquillo Ancho (Contramarco)', null, null, 'Alto'::medida_base_enum, '{"tipo":"fija","valor":2}'::jsonb, '{"operaciones":[{"tipo":"restar_valor","valor":7.96}]}'::jsonb),
  ('5f2d623d-6964-4faa-a337-7ab8f233f9a7', 'Pilastra Ventana (intermedio en fijo)', '139713e4-55ea-4d3c-a01d-02ac32c3b51c', null, 'Alto'::medida_base_enum, '{"tipo":"por_intermedios","sistema":"fijo","eje":"alto","multiplicador":1}'::jsonb, '{"operaciones":[{"tipo":"restar_valor","valor":4.2}]}'::jsonb),
  ('5f2d623d-6964-4faa-a337-7ab8f233f9a7', 'Pilastra Ventana (intermedio en fijo)', '139713e4-55ea-4d3c-a01d-02ac32c3b51c', null, 'Largo'::medida_base_enum, '{"tipo":"por_intermedios","sistema":"fijo","eje":"largo1","multiplicador":1}'::jsonb, '{"operaciones":[{"tipo":"restar_valor","valor":4.2}]}'::jsonb),
  ('07aa3c36-7295-4ed5-ae83-9e68716d6b71', 'Cerco Perimetral (contramarco)', '3e2ce1db-8ff6-4805-ab4f-66cd4ff07965', null, 'Largo'::medida_base_enum, '{"tipo":"fija","valor":2}'::jsonb, '{"operaciones":[{"tipo":"restar_valor","valor":0}]}'::jsonb),
  ('07aa3c36-7295-4ed5-ae83-9e68716d6b71', 'Cerco Perimetral (contramarco)', '3e2ce1db-8ff6-4805-ab4f-66cd4ff07965', null, 'Alto'::medida_base_enum, '{"tipo":"fija","valor":2}'::jsonb, '{"operaciones":[{"tipo":"restar_valor","valor":0}]}'::jsonb),
  ('07aa3c36-7295-4ed5-ae83-9e68716d6b71', 'Hoja Perimetral (hoja corrediza)', 'a1a3fe17-96e1-4fe6-aa3c-fcb494b7f93c', null, 'Alto'::medida_base_enum, '{"tipo":"fija","valor":4}'::jsonb, '{"operaciones":[{"tipo":"restar_valor","valor":7}]}'::jsonb),
  ('07aa3c36-7295-4ed5-ae83-9e68716d6b71', 'Hoja Perimetral (hoja corrediza)', 'a1a3fe17-96e1-4fe6-aa3c-fcb494b7f93c', null, 'Largo'::medida_base_enum, '{"tipo":"fija","valor":4}'::jsonb, '{"operaciones":[{"tipo":"restar_valor","valor":1.4},{"tipo":"dividir_entre","valor":2}]}'::jsonb),
  ('07aa3c36-7295-4ed5-ae83-9e68716d6b71', 'Tapeta (hoja corrediza)', '9218dc56-c4ea-4e9a-a79c-8e2e6fd4e335', null, 'Alto'::medida_base_enum, '{"tipo":"fija","valor":2}'::jsonb, '{"operaciones":[{"tipo":"restar_valor","valor":7}]}'::jsonb),
  ('0b7e75f2-05b5-4cb8-a92d-e4321fdfb1c9', 'cerco Perimetral (contramarco)', '3e2ce1db-8ff6-4805-ab4f-66cd4ff07965', null, 'Largo'::medida_base_enum, '{"tipo":"fija","valor":2}'::jsonb, '{"operaciones":[{"tipo":"restar_valor","valor":0}]}'::jsonb),
  ('0b7e75f2-05b5-4cb8-a92d-e4321fdfb1c9', 'cerco Perimetral (contramarco)', '3e2ce1db-8ff6-4805-ab4f-66cd4ff07965', null, 'Alto'::medida_base_enum, '{"tipo":"fija","valor":2}'::jsonb, '{"operaciones":[{"tipo":"restar_valor","valor":0}]}'::jsonb),
  ('0b7e75f2-05b5-4cb8-a92d-e4321fdfb1c9', 'Hoja Perimetral (hoja corrediza)', 'a1a3fe17-96e1-4fe6-aa3c-fcb494b7f93c', null, 'Alto'::medida_base_enum, '{"tipo":"fija","valor":6}'::jsonb, '{"operaciones":[{"tipo":"restar_valor","valor":7}]}'::jsonb),
  ('0b7e75f2-05b5-4cb8-a92d-e4321fdfb1c9', 'Hoja Perimetral (hoja corrediza)', 'a1a3fe17-96e1-4fe6-aa3c-fcb494b7f93c', null, 'Largo'::medida_base_enum, '{"tipo":"fija","valor":6}'::jsonb, '{"operaciones":[{"tipo":"restar_valor","valor":-5.4},{"tipo":"dividir_entre","valor":3}]}'::jsonb),
  ('0b7e75f2-05b5-4cb8-a92d-e4321fdfb1c9', 'Tapeta (hoja corrediza)', '9218dc56-c4ea-4e9a-a79c-8e2e6fd4e335', null, 'Alto'::medida_base_enum, '{"tipo":"fija","valor":4}'::jsonb, '{"operaciones":[{"tipo":"restar_valor","valor":7}]}'::jsonb),
  ('e3d9917b-5b71-49db-a968-116779cf1e71', 'cerco Perimetral (contramarco)', '3e2ce1db-8ff6-4805-ab4f-66cd4ff07965', null, 'Largo'::medida_base_enum, '{"tipo":"fija","valor":2}'::jsonb, '{"operaciones":[{"tipo":"restar_valor","valor":0}]}'::jsonb),
  ('e3d9917b-5b71-49db-a968-116779cf1e71', 'cerco Perimetral (contramarco)', '3e2ce1db-8ff6-4805-ab4f-66cd4ff07965', null, 'Alto'::medida_base_enum, '{"tipo":"fija","valor":2}'::jsonb, '{"operaciones":[{"tipo":"restar_valor","valor":0}]}'::jsonb),
  ('e3d9917b-5b71-49db-a968-116779cf1e71', 'Hoja Perimetral (hoja corrediza)', 'a1a3fe17-96e1-4fe6-aa3c-fcb494b7f93c', null, 'Alto'::medida_base_enum, '{"tipo":"fija","valor":8}'::jsonb, '{"operaciones":[{"tipo":"restar_valor","valor":7}]}'::jsonb),
  ('e3d9917b-5b71-49db-a968-116779cf1e71', 'Hoja Perimetral (hoja corrediza)', 'a1a3fe17-96e1-4fe6-aa3c-fcb494b7f93c', null, 'Largo'::medida_base_enum, '{"tipo":"fija","valor":8}'::jsonb, '{"operaciones":[{"tipo":"restar_valor","valor":-5},{"tipo":"dividir_entre","valor":4}]}'::jsonb),
  ('e3d9917b-5b71-49db-a968-116779cf1e71', 'Tapeta (hoja corrediza)', '9218dc56-c4ea-4e9a-a79c-8e2e6fd4e335', null, 'Alto'::medida_base_enum, '{"tipo":"fija","valor":4}'::jsonb, '{"operaciones":[{"tipo":"restar_valor","valor":7}]}'::jsonb),
  ('e3d9917b-5b71-49db-a968-116779cf1e71', 'Union 4 hojas (hoja corrediza)', '83079ee2-0463-4f59-afc6-9590d5e4970a', null, 'Alto'::medida_base_enum, '{"tipo":"fija","valor":4}'::jsonb, '{"operaciones":[{"tipo":"restar_valor","valor":7}]}'::jsonb),
  ('37fa14d3-473a-4976-a660-d8ca35b94d2f', 'Cerco Fijo S4600 (contramarco)', '0177f798-f858-4685-addf-a2bbab0c5f3d', null, 'Largo'::medida_base_enum, '{"tipo":"fija","valor":2}'::jsonb, '{"operaciones":[{"tipo":"restar_valor","valor":0}]}'::jsonb),
  ('37fa14d3-473a-4976-a660-d8ca35b94d2f', 'Cerco Fijo S4600 (contramarco)', '0177f798-f858-4685-addf-a2bbab0c5f3d', null, 'Alto'::medida_base_enum, '{"tipo":"fija","valor":2}'::jsonb, '{"operaciones":[{"tipo":"restar_valor","valor":0}]}'::jsonb),
  ('37fa14d3-473a-4976-a660-d8ca35b94d2f', 'Junquillo S4600 (contramarco)', '6b19b279-f006-4f2b-a0e4-5393cf68551c', null, 'Largo'::medida_base_enum, '{"tipo":"fija","valor":2}'::jsonb, '{"operaciones":[{"tipo":"restar_valor","valor":5.4}]}'::jsonb),
  ('37fa14d3-473a-4976-a660-d8ca35b94d2f', 'Pilastra Ventana (Intermedio en el fijo)', '139713e4-55ea-4d3c-a01d-02ac32c3b51c', null, 'Largo'::medida_base_enum, '{"tipo":"por_intermedios","sistema":"fijo","eje":"largo1","multiplicador":1}'::jsonb, '{"operaciones":[{"tipo":"restar_valor","valor":4.5}]}'::jsonb),
  ('37fa14d3-473a-4976-a660-d8ca35b94d2f', 'Pilastra Ventana (Intermedio en el fijo)', '139713e4-55ea-4d3c-a01d-02ac32c3b51c', null, 'Alto'::medida_base_enum, '{"tipo":"por_intermedios","sistema":"fijo","eje":"alto","multiplicador":1}'::jsonb, '{"operaciones":[{"tipo":"restar_valor","valor":4.5}]}'::jsonb),
  ('0b094bd4-addd-4e0e-a949-6aff2a5984d4', 'Batiente 2 venas (Contramarco)', '96227d89-b56b-4ade-a166-d4c105fb5048', null, 'Largo'::medida_base_enum, '{"tipo":"fija","valor":1}'::jsonb, '{"operaciones":[{"tipo":"restar_valor","valor":2.6}]}'::jsonb),
  ('0b094bd4-addd-4e0e-a949-6aff2a5984d4', 'Batiente 2 venas (Contramarco)', '96227d89-b56b-4ade-a166-d4c105fb5048', null, 'Alto'::medida_base_enum, '{"tipo":"fija","valor":2}'::jsonb, '{"operaciones":[{"tipo":"restar_valor","valor":0}]}'::jsonb),
  ('0b094bd4-addd-4e0e-a949-6aff2a5984d4', 'Zoclo 2 venas (Contramarco)', null, null, 'Largo'::medida_base_enum, '{"tipo":"fija","valor":2}'::jsonb, '{"operaciones":[{"tipo":"restar_valor","valor":14.8}]}'::jsonb),
  ('0b094bd4-addd-4e0e-a949-6aff2a5984d4', 'Poste 5.5cms (Hoja Abatible)', 'dc975fd8-5211-448e-a1df-61988b540672', null, 'Alto'::medida_base_enum, '{"tipo":"fija","valor":2}'::jsonb, '{"operaciones":[{"tipo":"restar_valor","valor":2.8}]}'::jsonb),
  ('0b094bd4-addd-4e0e-a949-6aff2a5984d4', 'Duela lisa 5 Pulgadas (Duela Alta)', '030decb7-d3c9-4fe2-a248-fa260a28a2c8', null, 'Alto'::medida_base_enum, '{"tipo":"formula","redondeo":"arriba","operaciones":[{"tipo":"restar_constante","referencia":"zoclo_alto"},{"tipo":"restar_constante","referencia":"zoclo_cabezal"},{"tipo":"sumar_valor","valor":1.8},{"tipo":"dividir_entre","valor":12}]}'::jsonb, '{"operaciones":[{"tipo":"dividir_entre","valor":2}]}'::jsonb),
  ('0b094bd4-addd-4e0e-a949-6aff2a5984d4', 'Intermedio 3 pulgadas (Intermedio Largo en Hoja corrediza (X) o en Hoja fija (O))', 'eee94abe-40b6-4b14-a866-4032d4de7818', null, 'Largo'::medida_base_enum, '{"tipo":"por_intermedios","sistema":"fijo","eje":"largo1","multiplicador":1}'::jsonb, '{"operaciones":[{"tipo":"restar_valor","valor":14.8}]}'::jsonb),
  ('0b094bd4-addd-4e0e-a949-6aff2a5984d4', 'Intermedio 3 pulgadas (Intermedio Alto en Hoja corrediza (X))', 'eee94abe-40b6-4b14-a866-4032d4de7818', null, 'Alto'::medida_base_enum, '{"tipo":"por_intermedios","sistema":"corredizo","eje":"alto","multiplicador":1}'::jsonb, '{"operaciones":[{"tipo":"restar_constante","referencia":"zoclo_alto"},{"tipo":"restar_constante","referencia":"intermedio"}]}'::jsonb),
  ('a0f0c6da-fa70-4f92-aba8-f0324a9e4a8d', 'cerco liso Puerta (Contramarco)', 'b868e2b5-4749-4957-aa6c-17ca75bfe52c', null, 'Alto'::medida_base_enum, '{"tipo":"fija","valor":2}'::jsonb, '{"operaciones":[{"tipo":"restar_valor","valor":0}]}'::jsonb),
  ('a0f0c6da-fa70-4f92-aba8-f0324a9e4a8d', 'cerco liso Puerta (Contramarco)', 'b868e2b5-4749-4957-aa6c-17ca75bfe52c', null, 'Largo'::medida_base_enum, '{"tipo":"fija","valor":1}'::jsonb, '{"operaciones":[{"tipo":"restar_valor","valor":0}]}'::jsonb),
  ('a0f0c6da-fa70-4f92-aba8-f0324a9e4a8d', 'Hoja Lisa Puerta (Hoja)', 'b1082a1c-7526-484b-a26a-f2371d8a58ff', null, 'Alto'::medida_base_enum, '{"tipo":"fija","valor":2}'::jsonb, '{"operaciones":[{"tipo":"restar_valor","valor":5}]}'::jsonb),
  ('a0f0c6da-fa70-4f92-aba8-f0324a9e4a8d', 'Hoja Lisa Puerta (hoja)', 'b1082a1c-7526-484b-a26a-f2371d8a58ff', null, 'Largo'::medida_base_enum, '{"tipo":"fija","valor":1}'::jsonb, '{"operaciones":[{"tipo":"restar_valor","valor":7.3}]}'::jsonb),
  ('a0f0c6da-fa70-4f92-aba8-f0324a9e4a8d', 'Zoclo Monumental (Hoja)', '8621e682-8f22-4a41-a321-c597c6fe5ccc', null, 'Largo'::medida_base_enum, '{"tipo":"fija","valor":1}'::jsonb, '{"operaciones":[{"tipo":"restar_valor","valor":18}]}'::jsonb),
  ('a0f0c6da-fa70-4f92-aba8-f0324a9e4a8d', 'Pilastra Puerta (Intermedio)', '362d172a-d235-429d-ab75-d17217e23ade', null, 'Alto'::medida_base_enum, '{"tipo":"por_intermedios","sistema":"corredizo","eje":"alto","multiplicador":1}'::jsonb, '{"operaciones":[{"tipo":"restar_valor","valor":18}]}'::jsonb),
  ('a0f0c6da-fa70-4f92-aba8-f0324a9e4a8d', 'Pilastra Puerta (Intermedio)', '362d172a-d235-429d-ab75-d17217e23ade', null, 'Alto'::medida_base_enum, '{"tipo":"por_intermedios","sistema":"corredizo","eje":"alto","multiplicador":1}'::jsonb, '{"operaciones":[{"tipo":"restar_valor","valor":18}]}'::jsonb),
  ('a0f0c6da-fa70-4f92-aba8-f0324a9e4a8d', 'Junquillo ancho (Hoja)', null, null, 'Largo'::medida_base_enum, '{"tipo":"fija","valor":2}'::jsonb, '{"operaciones":[{"tipo":"restar_valor","valor":18.7}]}'::jsonb),
  ('a0f0c6da-fa70-4f92-aba8-f0324a9e4a8d', 'Junquillo ancho (Hoja)', null, null, 'Alto'::medida_base_enum, '{"tipo":"fija","valor":2}'::jsonb, '{"operaciones":[{"tipo":"restar_valor","valor":24.1}]}'::jsonb),
  ('18b9d136-e2b9-4b87-a227-149fa372b2c3', 'cerco liso Puerta (Contramarco)', 'b868e2b5-4749-4957-aa6c-17ca75bfe52c', null, 'Alto'::medida_base_enum, '{"tipo":"fija","valor":2}'::jsonb, '{"operaciones":[{"tipo":"restar_valor","valor":0}]}'::jsonb),
  ('18b9d136-e2b9-4b87-a227-149fa372b2c3', 'cerco liso Puerta (Contramarco)', 'b868e2b5-4749-4957-aa6c-17ca75bfe52c', null, 'Largo'::medida_base_enum, '{"tipo":"fija","valor":1}'::jsonb, '{"operaciones":[{"tipo":"restar_valor","valor":0}]}'::jsonb),
  ('18b9d136-e2b9-4b87-a227-149fa372b2c3', 'Pilastra Puerta (Contramarco)', '362d172a-d235-429d-ab75-d17217e23ade', null, 'Alto'::medida_base_enum, '{"tipo":"fija","valor":1}'::jsonb, '{"operaciones":[{"tipo":"restar_valor","valor":6.7}]}'::jsonb),
  ('18b9d136-e2b9-4b87-a227-149fa372b2c3', 'Hoja Lisa Puerta (Hoja)', 'b1082a1c-7526-484b-a26a-f2371d8a58ff', null, 'Alto'::medida_base_enum, '{"tipo":"fija","valor":4}'::jsonb, '{"operaciones":[{"tipo":"restar_valor","valor":5}]}'::jsonb),
  ('18b9d136-e2b9-4b87-a227-149fa372b2c3', 'Hoja Lisa Puerta (hoja)', 'b1082a1c-7526-484b-a26a-f2371d8a58ff', null, 'Largo'::medida_base_enum, '{"tipo":"fija","valor":2}'::jsonb, '{"operaciones":[{"tipo":"restar_valor","valor":9.6},{"tipo":"dividir_entre","valor":2}]}'::jsonb),
  ('18b9d136-e2b9-4b87-a227-149fa372b2c3', 'Zoclo Monumental (Hoja)', '8621e682-8f22-4a41-a321-c597c6fe5ccc', null, 'Largo'::medida_base_enum, '{"tipo":"fija","valor":2}'::jsonb, '{"operaciones":[{"tipo":"restar_valor","valor":31}]}'::jsonb),
  ('18b9d136-e2b9-4b87-a227-149fa372b2c3', 'Junquillo ancho (Hoja)', null, null, 'Largo'::medida_base_enum, '{"tipo":"fija","valor":2}'::jsonb, '{"operaciones":[{"tipo":"restar_valor","valor":24.1}]}'::jsonb),
  ('18b9d136-e2b9-4b87-a227-149fa372b2c3', 'Junquillo ancho (Hoja)', null, null, 'Alto'::medida_base_enum, '{"tipo":"fija","valor":2}'::jsonb, '{"operaciones":[{"tipo":"restar_valor","valor":30.3},{"tipo":"dividir_entre","valor":2}]}'::jsonb),
  ('18b9d136-e2b9-4b87-a227-149fa372b2c3', 'Pilastra Puerta (Intermedio)', '362d172a-d235-429d-ab75-d17217e23ade', null, 'Alto'::medida_base_enum, '{"tipo":"por_intermedios","sistema":"corredizo","eje":"alto","multiplicador":1}'::jsonb, '{"operaciones":[{"tipo":"restar_valor","valor":18}]}'::jsonb),
  ('18b9d136-e2b9-4b87-a227-149fa372b2c3', 'Pilastra Puerta (Intermedio)', '362d172a-d235-429d-ab75-d17217e23ade', null, 'Largo'::medida_base_enum, '{"tipo":"por_intermedios","sistema":"corredizo","eje":"largo1","multiplicador":1}'::jsonb, '{"operaciones":[{"tipo":"restar_valor","valor":31}]}'::jsonb),
  ('acf512a0-4686-4a2c-a229-831b443faab8', 'Riel superior Mosquitero (Contramarco)', 'bcb635e8-d3c5-406f-abaa-e2b9548638e3', null, 'Largo'::medida_base_enum, '{"tipo":"fija","valor":1}'::jsonb, '{"operaciones":[{"tipo":"restar_valor","valor":0}]}'::jsonb),
  ('acf512a0-4686-4a2c-a229-831b443faab8', 'Guia Inferior Mosquitero (Contramarco)', 'f5a46c4d-37f2-4a54-a229-0912206e0209', null, 'Largo'::medida_base_enum, '{"tipo":"fija","valor":1}'::jsonb, '{"operaciones":[{"tipo":"restar_valor","valor":0}]}'::jsonb),
  ('acf512a0-4686-4a2c-a229-831b443faab8', 'Mosquitero (Hoja)', 'f0237257-8ca0-4f5d-ac20-d7db15db5365', null, 'Largo'::medida_base_enum, '{"tipo":"fija","valor":2}'::jsonb, '{"operaciones":[{"tipo":"dividir_entre","valor":2}]}'::jsonb),
  ('acf512a0-4686-4a2c-a229-831b443faab8', 'Mosquitero (Hoja)', 'f0237257-8ca0-4f5d-ac20-d7db15db5365', null, 'Alto'::medida_base_enum, '{"tipo":"fija","valor":2}'::jsonb, '{"operaciones":[{"tipo":"restar_valor","valor":5.1}]}'::jsonb),
  ('e20d7242-79ce-436b-aa48-74b0c50e50ed', 'Riel baño de lujo (Contramarco)', null, null, 'Largo'::medida_base_enum, '{"tipo":"fija","valor":1}'::jsonb, '{"operaciones":[{"tipo":"restar_valor","valor":0}]}'::jsonb),
  ('e20d7242-79ce-436b-aa48-74b0c50e50ed', 'Guia baño inferior (Contramarco)', '07b6f362-72e0-42ca-aa91-a09fb4154cac', null, 'Largo'::medida_base_enum, '{"tipo":"fija","valor":1}'::jsonb, '{"operaciones":[{"tipo":"restar_valor","valor":0.8}]}'::jsonb),
  ('e20d7242-79ce-436b-aa48-74b0c50e50ed', 'Jamba lateral baño Semilujo (Contramarco)', '429e297f-2fe5-40fe-a448-901339986609', null, 'Alto'::medida_base_enum, '{"tipo":"fija","valor":2}'::jsonb, '{"operaciones":[{"tipo":"restar_valor","valor":1}]}'::jsonb),
  ('e20d7242-79ce-436b-aa48-74b0c50e50ed', 'Marco semilujo (Hoja corrediza)', '8c70c209-c294-4bed-aabf-fc17cfdf547e', null, 'Alto'::medida_base_enum, '{"tipo":"fija","valor":4}'::jsonb, '{"operaciones":[{"tipo":"restar_valor","valor":4.8}]}'::jsonb),
  ('e20d7242-79ce-436b-aa48-74b0c50e50ed', 'Marco semilujo (Hoja corrediza)', '8c70c209-c294-4bed-aabf-fc17cfdf547e', null, 'Largo'::medida_base_enum, '{"tipo":"fija","valor":4}'::jsonb, '{"operaciones":[{"tipo":"restar_valor","valor":-3.5},{"tipo":"dividir_entre","valor":2}]}'::jsonb),
  ('c221e464-9bf9-454e-a023-e4f6dad154e3', 'Riel baño de lujo (Contramarco)', null, null, 'Largo'::medida_base_enum, '{"tipo":"fija","valor":1}'::jsonb, '{"operaciones":[{"tipo":"restar_valor","valor":0}]}'::jsonb),
  ('c221e464-9bf9-454e-a023-e4f6dad154e3', 'Guia baño inferior (Contramarco)', '07b6f362-72e0-42ca-aa91-a09fb4154cac', null, 'Largo'::medida_base_enum, '{"tipo":"fija","valor":1}'::jsonb, '{"operaciones":[{"tipo":"restar_valor","valor":0.8}]}'::jsonb),
  ('c221e464-9bf9-454e-a023-e4f6dad154e3', 'Jamba lateral baño Semilujo (Contramarco)', '429e297f-2fe5-40fe-a448-901339986609', null, 'Alto'::medida_base_enum, '{"tipo":"fija","valor":2}'::jsonb, '{"operaciones":[{"tipo":"restar_valor","valor":1}]}'::jsonb),
  ('c221e464-9bf9-454e-a023-e4f6dad154e3', 'Marco semilujo (Hoja corrediza)', '8c70c209-c294-4bed-aabf-fc17cfdf547e', null, 'Alto'::medida_base_enum, '{"tipo":"fija","valor":4}'::jsonb, '{"operaciones":[{"tipo":"restar_valor","valor":4.8}]}'::jsonb),
  ('c221e464-9bf9-454e-a023-e4f6dad154e3', 'Marco semilujo (Hoja corrediza)', '8c70c209-c294-4bed-aabf-fc17cfdf547e', null, 'Largo'::medida_base_enum, '{"tipo":"fija","valor":4}'::jsonb, '{"operaciones":[{"tipo":"restar_valor","valor":-3.5},{"tipo":"dividir_entre","valor":2}]}'::jsonb),
  ('c221e464-9bf9-454e-a023-e4f6dad154e3', 'Marco semilujo (Hoja fija)', '8c70c209-c294-4bed-aabf-fc17cfdf547e', null, 'Alto'::medida_base_enum, '{"tipo":"fija","valor":4}'::jsonb, '{"operaciones":[{"tipo":"restar_valor","valor":3.2}]}'::jsonb),
  ('c221e464-9bf9-454e-a023-e4f6dad154e3', 'Marco semilujo (Hoja fija)', '8c70c209-c294-4bed-aabf-fc17cfdf547e', null, 'Largo'::medida_base_enum, '{"tipo":"fija","valor":4}'::jsonb, '{"operaciones":[{"tipo":"restar_valor","valor":-3.5},{"tipo":"dividir_entre","valor":2}]}'::jsonb),
  ('a9f9ae78-593e-4a25-ac17-6660a35a561b', 'Riel baño de lujo (Contramarco)', null, null, 'Largo'::medida_base_enum, '{"tipo":"fija","valor":1}'::jsonb, '{"operaciones":[{"tipo":"restar_valor","valor":0}]}'::jsonb),
  ('a9f9ae78-593e-4a25-ac17-6660a35a561b', 'Riel baño de lujo (Contramarco)', null, null, 'Largo'::medida_base_enum, '{"tipo":"fija","valor":1}'::jsonb, '{"operaciones":[{"tipo":"restar_valor","valor":0}]}'::jsonb),
  ('a9f9ae78-593e-4a25-ac17-6660a35a561b', 'Guia baño inferior (Contramarco)', '07b6f362-72e0-42ca-aa91-a09fb4154cac', null, 'Largo'::medida_base_enum, '{"tipo":"fija","valor":1}'::jsonb, '{"operaciones":[{"tipo":"restar_valor","valor":0.8}]}'::jsonb),
  ('a9f9ae78-593e-4a25-ac17-6660a35a561b', 'Guia baño inferior (Contramarco)', '07b6f362-72e0-42ca-aa91-a09fb4154cac', null, 'Largo'::medida_base_enum, '{"tipo":"fija","valor":1}'::jsonb, '{"operaciones":[{"tipo":"restar_valor","valor":0.8}]}'::jsonb),
  ('a9f9ae78-593e-4a25-ac17-6660a35a561b', 'Jamba lateral baño Semilujo (Contramarco)', '429e297f-2fe5-40fe-a448-901339986609', null, 'Alto'::medida_base_enum, '{"tipo":"fija","valor":2}'::jsonb, '{"operaciones":[{"tipo":"restar_valor","valor":1}]}'::jsonb),
  ('a9f9ae78-593e-4a25-ac17-6660a35a561b', 'Marco semilujo (Hoja corrediza Largo1)', '8c70c209-c294-4bed-aabf-fc17cfdf547e', null, 'Alto'::medida_base_enum, '{"tipo":"fija","valor":2}'::jsonb, '{"operaciones":[{"tipo":"restar_valor","valor":4.8}]}'::jsonb),
  ('a9f9ae78-593e-4a25-ac17-6660a35a561b', 'Marco semilujo (Hoja Fija Largo1)', '8c70c209-c294-4bed-aabf-fc17cfdf547e', null, 'Alto'::medida_base_enum, '{"tipo":"fija","valor":2}'::jsonb, '{"operaciones":[{"tipo":"restar_valor","valor":3.2}]}'::jsonb),
  ('a9f9ae78-593e-4a25-ac17-6660a35a561b', 'Marco semilujo (Hoja corrediza Largo1)', '8c70c209-c294-4bed-aabf-fc17cfdf547e', null, 'Largo'::medida_base_enum, '{"tipo":"fija","valor":2}'::jsonb, '{"operaciones":[{"tipo":"restar_valor","valor":-3.5},{"tipo":"dividir_entre","valor":2}]}'::jsonb),
  ('a9f9ae78-593e-4a25-ac17-6660a35a561b', 'Marco semilujo (Hoja Fija Largo1)', '8c70c209-c294-4bed-aabf-fc17cfdf547e', null, 'Largo'::medida_base_enum, '{"tipo":"fija","valor":2}'::jsonb, '{"operaciones":[{"tipo":"restar_valor","valor":-3.5},{"tipo":"dividir_entre","valor":2}]}'::jsonb),
  ('a9f9ae78-593e-4a25-ac17-6660a35a561b', 'Marco semilujo (Hoja corrediza Largo2)', '8c70c209-c294-4bed-aabf-fc17cfdf547e', null, 'Alto'::medida_base_enum, '{"tipo":"fija","valor":2}'::jsonb, '{"operaciones":[{"tipo":"restar_valor","valor":4.8}]}'::jsonb),
  ('a9f9ae78-593e-4a25-ac17-6660a35a561b', 'Marco semilujo (Hoja Fija Largo2)', '8c70c209-c294-4bed-aabf-fc17cfdf547e', null, 'Alto'::medida_base_enum, '{"tipo":"fija","valor":2}'::jsonb, '{"operaciones":[{"tipo":"restar_valor","valor":3.2}]}'::jsonb),
  ('7abe7bc1-483a-4dd5-abd2-8781f9d78385', 'Batiente de lujo sin venas (Contramarco)', '5c382cdd-3782-45d2-a884-4b865b6d459a', null, 'Largo'::medida_base_enum, '{"tipo":"fija","valor":1}'::jsonb, '{"operaciones":[{"tipo":"restar_valor","valor":5.9}]}'::jsonb),
  ('7abe7bc1-483a-4dd5-abd2-8781f9d78385', 'Batiente de lujo sin venas (Contramarco)', '5c382cdd-3782-45d2-a884-4b865b6d459a', null, 'Alto'::medida_base_enum, '{"tipo":"fija","valor":2}'::jsonb, '{"operaciones":[{"tipo":"restar_valor","valor":2.5}]}'::jsonb),
  ('7abe7bc1-483a-4dd5-abd2-8781f9d78385', 'Tubo de 3x1 (Contramarco)', null, null, 'Largo'::medida_base_enum, '{"tipo":"fija","valor":1}'::jsonb, '{"operaciones":[{"tipo":"restar_valor","valor":0}]}'::jsonb),
  ('7abe7bc1-483a-4dd5-abd2-8781f9d78385', 'Tubo de 3x1 (Contramarco)', null, null, 'Alto'::medida_base_enum, '{"tipo":"fija","valor":2}'::jsonb, '{"operaciones":[{"tipo":"restar_valor","valor":0}]}'::jsonb),
  ('7abe7bc1-483a-4dd5-abd2-8781f9d78385', 'Tubo de 4 x 1 3/4 (Hoja)', null, null, 'Largo'::medida_base_enum, '{"tipo":"fija","valor":2}'::jsonb, '{"operaciones":[{"tipo":"restar_valor","valor":15.5}]}'::jsonb),
  ('7abe7bc1-483a-4dd5-abd2-8781f9d78385', 'Tubo de 4 x 1 3/4 (Hoja)', null, null, 'Alto'::medida_base_enum, '{"tipo":"fija","valor":2}'::jsonb, '{"operaciones":[{"tipo":"restar_valor","valor":4.9}]}'::jsonb),
  ('7abe7bc1-483a-4dd5-abd2-8781f9d78385', 'Intermedio 3 Pulgadas (Hoja)', 'eee94abe-40b6-4b14-a866-4032d4de7818', null, 'Largo'::medida_base_enum, '{"tipo":"fija","valor":2}'::jsonb, '{"operaciones":[{"tipo":"restar_valor","valor":15.5}]}'::jsonb),
  ('7abe7bc1-483a-4dd5-abd2-8781f9d78385', 'Intermedio 3 Pulgadas (Hoja)', 'eee94abe-40b6-4b14-a866-4032d4de7818', null, 'Alto'::medida_base_enum, '{"tipo":"fija","valor":2}'::jsonb, '{"operaciones":[{"tipo":"restar_valor","valor":24.9}]}'::jsonb),
  ('7abe7bc1-483a-4dd5-abd2-8781f9d78385', 'Intermedio 3 Pulgadas (Hoja)', 'eee94abe-40b6-4b14-a866-4032d4de7818', null, 'Largo'::medida_base_enum, '{"tipo":"fija","valor":1}'::jsonb, '{"operaciones":[{"tipo":"restar_valor","valor":15.5}]}'::jsonb),
  ('7abe7bc1-483a-4dd5-abd2-8781f9d78385', 'Intermedio 3 Pulgadas (Hoja)', 'eee94abe-40b6-4b14-a866-4032d4de7818', null, 'Alto'::medida_base_enum, '{"tipo":"fija","valor":1}'::jsonb, '{"operaciones":[{"tipo":"restar_valor","valor":24.9}]}'::jsonb),
  ('8d45976d-b707-4bd0-aa2b-66e07d5004ed', 'Riel (Contramarco)', null, null, 'Largo'::medida_base_enum, '{"tipo":"fija","valor":2}'::jsonb, '{"operaciones":[{"tipo":"restar_valor","valor":0}]}'::jsonb),
  ('8d45976d-b707-4bd0-aa2b-66e07d5004ed', 'Guia (Contramarco)', null, null, 'Largo'::medida_base_enum, '{"tipo":"fija","valor":2}'::jsonb, '{"operaciones":[{"tipo":"restar_valor","valor":0.8}]}'::jsonb),
  ('8d45976d-b707-4bd0-aa2b-66e07d5004ed', 'Jambas (Contramarco)', null, null, 'Alto'::medida_base_enum, '{"tipo":"fija","valor":2}'::jsonb, '{"operaciones":[{"tipo":"restar_valor","valor":1}]}'::jsonb),
  ('8d45976d-b707-4bd0-aa2b-66e07d5004ed', 'Cristal templado 6mm (Hoja (X))', null, (select id from cristales_catalogo where descripcion = 'Templado Claro 6mm'), 'Largo'::medida_base_enum, '{"tipo":"fija","valor":2}'::jsonb, '{"operaciones":[{"tipo":"restar_valor","valor":-2.5},{"tipo":"dividir_entre","valor":2}]}'::jsonb),
  ('23b4791a-dca2-4520-a1de-e44e2d27cb48', 'Riel (Contramarco)', null, null, 'Largo'::medida_base_enum, '{"tipo":"fija","valor":2}'::jsonb, '{"operaciones":[{"tipo":"restar_valor","valor":0}]}'::jsonb),
  ('23b4791a-dca2-4520-a1de-e44e2d27cb48', 'Guia (Contramarco)', null, null, 'Largo'::medida_base_enum, '{"tipo":"fija","valor":2}'::jsonb, '{"operaciones":[{"tipo":"restar_valor","valor":0.8}]}'::jsonb),
  ('23b4791a-dca2-4520-a1de-e44e2d27cb48', 'Jambas (Contramarco)', null, null, 'Alto'::medida_base_enum, '{"tipo":"fija","valor":2}'::jsonb, '{"operaciones":[{"tipo":"restar_valor","valor":1}]}'::jsonb),
  ('23b4791a-dca2-4520-a1de-e44e2d27cb48', 'Cristal templado 6mm (Hoja (X))', null, (select id from cristales_catalogo where descripcion = 'Templado Claro 6mm'), 'Largo'::medida_base_enum, '{"tipo":"fija","valor":1}'::jsonb, '{"operaciones":[{"tipo":"restar_valor","valor":-2.5},{"tipo":"dividir_entre","valor":2}]}'::jsonb),
  ('23b4791a-dca2-4520-a1de-e44e2d27cb48', 'Cristal templado 6mm (Hoja (O))', null, (select id from cristales_catalogo where descripcion = 'Templado Claro 6mm'), 'Largo'::medida_base_enum, '{"tipo":"fija","valor":1}'::jsonb, '{"operaciones":[{"tipo":"restar_valor","valor":-2.5},{"tipo":"dividir_entre","valor":2}]}'::jsonb),
  ('05d5f562-8f1e-4232-a34a-91780fbdb24e', 'Riel (Contramarco)', null, null, 'Largo'::medida_base_enum, '{"tipo":"fija","valor":2}'::jsonb, '{"operaciones":[{"tipo":"restar_valor","valor":0}]}'::jsonb),
  ('05d5f562-8f1e-4232-a34a-91780fbdb24e', 'Guia (Contramarco)', null, null, 'Largo'::medida_base_enum, '{"tipo":"fija","valor":2}'::jsonb, '{"operaciones":[{"tipo":"restar_valor","valor":0.8}]}'::jsonb),
  ('05d5f562-8f1e-4232-a34a-91780fbdb24e', 'Jambas (Contramarco)', null, null, 'Alto'::medida_base_enum, '{"tipo":"fija","valor":2}'::jsonb, '{"operaciones":[{"tipo":"restar_valor","valor":1}]}'::jsonb),
  ('05d5f562-8f1e-4232-a34a-91780fbdb24e', 'Cristal templado 6mm (Hoja (X))', null, (select id from cristales_catalogo where descripcion = 'Templado Claro 6mm'), 'Largo'::medida_base_enum, '{"tipo":"fija","valor":1}'::jsonb, '{"operaciones":[{"tipo":"restar_valor","valor":-2.5},{"tipo":"dividir_entre","valor":2}]}'::jsonb),
  ('05d5f562-8f1e-4232-a34a-91780fbdb24e', 'Cristal templado 6mm (Hoja (O))', null, (select id from cristales_catalogo where descripcion = 'Templado Claro 6mm'), 'Largo'::medida_base_enum, '{"tipo":"fija","valor":1}'::jsonb, '{"operaciones":[{"tipo":"restar_valor","valor":-2.5},{"tipo":"dividir_entre","valor":2}]}'::jsonb),
  ('91352714-db15-4371-ae8b-e4ec8fc343bb', 'Cristal templado 9.5mm (Hoja (X))', null, null, 'Largo'::medida_base_enum, '{"tipo":"fija","valor":1}'::jsonb, '{"operaciones":[{"tipo":"restar_valor","valor":0}]}'::jsonb),
  ('91352714-db15-4371-ae8b-e4ec8fc343bb', 'Cristal templado 9.5mm (Hoja (O))', null, null, 'Largo'::medida_base_enum, '{"tipo":"fija","valor":1}'::jsonb, '{"operaciones":[{"tipo":"restar_valor","valor":0}]}'::jsonb),
  ('1650f925-751d-415d-ac2b-9b28d62ccfb9', 'Cristal templado 9.5mm (Hoja (X))', null, null, 'Largo'::medida_base_enum, '{"tipo":"fija","valor":1}'::jsonb, '{"operaciones":[{"tipo":"restar_valor","valor":0}]}'::jsonb),
  ('1650f925-751d-415d-ac2b-9b28d62ccfb9', 'Cristal templado 9.5mm (Hoja (O))', null, null, 'Largo'::medida_base_enum, '{"tipo":"fija","valor":1}'::jsonb, '{"operaciones":[{"tipo":"restar_valor","valor":0}]}'::jsonb),
  ('abf1ed0d-1ba2-4dde-aa8f-34eefeef545b', 'Cristal templado 9.5mm (Hoja (X))', null, null, 'Largo'::medida_base_enum, '{"tipo":"fija","valor":1}'::jsonb, '{"operaciones":[{"tipo":"restar_valor","valor":0}]}'::jsonb),
  ('abf1ed0d-1ba2-4dde-aa8f-34eefeef545b', 'Cristal templado 9.5mm (Hoja (O))', null, null, 'Largo'::medida_base_enum, '{"tipo":"fija","valor":1}'::jsonb, '{"operaciones":[{"tipo":"restar_valor","valor":0}]}'::jsonb),
  ('51d0b5b8-ee13-4916-ab98-6c0429a7c207', 'Cristal templado 9.5mm (Hoja (O))', null, null, 'Largo'::medida_base_enum, '{"tipo":"fija","valor":1}'::jsonb, '{"operaciones":[{"tipo":"restar_valor","valor":0}]}'::jsonb),
  ('51d0b5b8-ee13-4916-ab98-6c0429a7c207', 'Cristal templado 9.5mm (Hoja (X))', null, null, 'Largo'::medida_base_enum, '{"tipo":"fija","valor":1}'::jsonb, '{"operaciones":[{"tipo":"restar_valor","valor":0}]}'::jsonb);

-- Reclasificado desde herrajes_por_serie (era dummy) tras confirmar con
-- Carlos que es perfil de aluminio, con el registro crudo original ya
-- recuperado por Claude Code: línea "Herrajes Cancel Baño Aluminio 90°",
-- perfil "Angulo 1 Pulgada", ubicación "Hoja corrediza Largo2", pzas=1,
-- pos=Alto, desc=4.8. Statement propio porque SÍ trae perfil_aluminio_id,
-- a diferencia del resto de componentes_corte de arriba (ver nota en
-- seed-pendientes.md sobre ese gap general).
insert into componentes_corte (serie_id, pieza, perfil_aluminio_id, medida_base, cantidad_regla, descuento_regla) values
  ('a9f9ae78-593e-4a25-ac17-6660a35a561b', 'Angulo 1 Pulgada (Hoja corrediza Largo2)', '0ecb0a95-f56e-454d-a578-f093c7e3ac18', 'Alto'::medida_base_enum, '{"tipo":"fija","valor":1}'::jsonb, '{"operaciones":[{"tipo":"restar_valor","valor":4.8}]}'::jsonb);

-- ============================================================
-- 12. Herrajes por serie (dbDesglosesTaller, prefijo "Herrajes ")
-- ============================================================
insert into herrajes_por_serie (serie_id, herraje_id, nombre_manual, precio_manual, formula_cantidad) values
  ('bc64dba6-dec8-4ca6-a9e1-a8299ef04ab0', '780f443e-d851-4460-a2e0-7a25724ecf6c', null, null, '{"tipo":"fija","valor":4}'::jsonb),
  ('bc64dba6-dec8-4ca6-a9e1-a8299ef04ab0', '3ecae076-e20c-4f89-aebb-4a4d2906c770', null, null, '{"tipo":"fija","valor":2}'::jsonb),
  ('bc64dba6-dec8-4ca6-a9e1-a8299ef04ab0', '3ecae076-e20c-4f89-aebb-4a4d2906c770', null, null, '{"tipo":"fija","valor":4}'::jsonb),
  ('bc64dba6-dec8-4ca6-a9e1-a8299ef04ab0', '3ecae076-e20c-4f89-aebb-4a4d2906c770', null, null, '{"tipo":"fija","valor":2}'::jsonb),
  ('bc64dba6-dec8-4ca6-a9e1-a8299ef04ab0', '3ecae076-e20c-4f89-aebb-4a4d2906c770', null, null, '{"tipo":"fija","valor":2}'::jsonb),
  ('bc64dba6-dec8-4ca6-a9e1-a8299ef04ab0', '9683c200-e938-45db-a12d-b0cbf7b62152', null, null, '{"tipo":"fija","valor":5}'::jsonb),
  ('bc64dba6-dec8-4ca6-a9e1-a8299ef04ab0', '9683c200-e938-45db-a12d-b0cbf7b62152', null, null, '{"tipo":"fija","valor":4}'::jsonb),
  ('bc64dba6-dec8-4ca6-a9e1-a8299ef04ab0', '75abcce2-f2f7-47f4-a80f-ad5c6babbf69', null, null, '{"tipo":"fija","valor":8}'::jsonb),
  ('bc64dba6-dec8-4ca6-a9e1-a8299ef04ab0', 'e9c8416e-ebbd-49bd-a4e8-95f6f4760bfe', null, null, '{"tipo":"fija","valor":4}'::jsonb),
  ('bc64dba6-dec8-4ca6-a9e1-a8299ef04ab0', 'ebf1c213-043a-4bb9-a713-809b296751b3', null, null, '{"tipo":"fija","valor":8}'::jsonb),
  ('bc64dba6-dec8-4ca6-a9e1-a8299ef04ab0', '92ebdd02-f24a-4314-aa5b-7eece5f5aa32', null, null, '{"tipo":"fija","valor":2}'::jsonb),
  ('bc64dba6-dec8-4ca6-a9e1-a8299ef04ab0', 'c4f657d2-aaf9-4c08-a9c8-727455a8424f', null, null, '{"tipo":"fija","valor":2}'::jsonb),
  ('374b94b9-8c62-4c3b-ad9b-f2393a1eaf65', '780f443e-d851-4460-a2e0-7a25724ecf6c', null, null, '{"tipo":"fija","valor":2}'::jsonb),
  ('374b94b9-8c62-4c3b-ad9b-f2393a1eaf65', '3ecae076-e20c-4f89-aebb-4a4d2906c770', null, null, '{"tipo":"fija","valor":2}'::jsonb),
  ('374b94b9-8c62-4c3b-ad9b-f2393a1eaf65', '3ecae076-e20c-4f89-aebb-4a4d2906c770', null, null, '{"tipo":"fija","valor":4}'::jsonb),
  ('374b94b9-8c62-4c3b-ad9b-f2393a1eaf65', '3ecae076-e20c-4f89-aebb-4a4d2906c770', null, null, '{"tipo":"fija","valor":2}'::jsonb),
  ('374b94b9-8c62-4c3b-ad9b-f2393a1eaf65', '3ecae076-e20c-4f89-aebb-4a4d2906c770', null, null, '{"tipo":"fija","valor":2}'::jsonb),
  ('374b94b9-8c62-4c3b-ad9b-f2393a1eaf65', '9683c200-e938-45db-a12d-b0cbf7b62152', null, null, '{"tipo":"fija","valor":3}'::jsonb),
  ('374b94b9-8c62-4c3b-ad9b-f2393a1eaf65', '9683c200-e938-45db-a12d-b0cbf7b62152', null, null, '{"tipo":"fija","valor":4}'::jsonb),
  ('374b94b9-8c62-4c3b-ad9b-f2393a1eaf65', '75abcce2-f2f7-47f4-a80f-ad5c6babbf69', null, null, '{"tipo":"fija","valor":8}'::jsonb),
  ('374b94b9-8c62-4c3b-ad9b-f2393a1eaf65', 'e9c8416e-ebbd-49bd-a4e8-95f6f4760bfe', null, null, '{"tipo":"fija","valor":4}'::jsonb),
  ('374b94b9-8c62-4c3b-ad9b-f2393a1eaf65', 'ebf1c213-043a-4bb9-a713-809b296751b3', null, null, '{"tipo":"fija","valor":8}'::jsonb),
  ('374b94b9-8c62-4c3b-ad9b-f2393a1eaf65', '92ebdd02-f24a-4314-aa5b-7eece5f5aa32', null, null, '{"tipo":"fija","valor":1}'::jsonb),
  ('8018bfba-325e-4002-ac4b-39512921e704', '780f443e-d851-4460-a2e0-7a25724ecf6c', null, null, '{"tipo":"fija","valor":4}'::jsonb),
  ('8018bfba-325e-4002-ac4b-39512921e704', '3ecae076-e20c-4f89-aebb-4a4d2906c770', null, null, '{"tipo":"fija","valor":2}'::jsonb),
  ('8018bfba-325e-4002-ac4b-39512921e704', '3ecae076-e20c-4f89-aebb-4a4d2906c770', null, null, '{"tipo":"fija","valor":6}'::jsonb),
  ('8018bfba-325e-4002-ac4b-39512921e704', '3ecae076-e20c-4f89-aebb-4a4d2906c770', null, null, '{"tipo":"fija","valor":2}'::jsonb),
  ('8018bfba-325e-4002-ac4b-39512921e704', '3ecae076-e20c-4f89-aebb-4a4d2906c770', null, null, '{"tipo":"fija","valor":2}'::jsonb),
  ('8018bfba-325e-4002-ac4b-39512921e704', '9683c200-e938-45db-a12d-b0cbf7b62152', null, null, '{"tipo":"fija","valor":3}'::jsonb),
  ('8018bfba-325e-4002-ac4b-39512921e704', '9683c200-e938-45db-a12d-b0cbf7b62152', null, null, '{"tipo":"fija","valor":4}'::jsonb),
  ('8018bfba-325e-4002-ac4b-39512921e704', '75abcce2-f2f7-47f4-a80f-ad5c6babbf69', null, null, '{"tipo":"fija","valor":8}'::jsonb),
  ('8018bfba-325e-4002-ac4b-39512921e704', 'e9c8416e-ebbd-49bd-a4e8-95f6f4760bfe', null, null, '{"tipo":"fija","valor":4}'::jsonb),
  ('8018bfba-325e-4002-ac4b-39512921e704', 'ebf1c213-043a-4bb9-a713-809b296751b3', null, null, '{"tipo":"fija","valor":12}'::jsonb),
  ('8018bfba-325e-4002-ac4b-39512921e704', '92ebdd02-f24a-4314-aa5b-7eece5f5aa32', null, null, '{"tipo":"fija","valor":2}'::jsonb),
  ('fe0eb10a-9776-44e5-a2a3-c7da413cd053', '780f443e-d851-4460-a2e0-7a25724ecf6c', null, null, '{"tipo":"fija","valor":4}'::jsonb),
  ('fe0eb10a-9776-44e5-a2a3-c7da413cd053', '3ecae076-e20c-4f89-aebb-4a4d2906c770', null, null, '{"tipo":"fija","valor":2}'::jsonb),
  ('fe0eb10a-9776-44e5-a2a3-c7da413cd053', '3ecae076-e20c-4f89-aebb-4a4d2906c770', null, null, '{"tipo":"fija","valor":8}'::jsonb),
  ('fe0eb10a-9776-44e5-a2a3-c7da413cd053', '3ecae076-e20c-4f89-aebb-4a4d2906c770', null, null, '{"tipo":"fija","valor":2}'::jsonb),
  ('fe0eb10a-9776-44e5-a2a3-c7da413cd053', '3ecae076-e20c-4f89-aebb-4a4d2906c770', null, null, '{"tipo":"fija","valor":2}'::jsonb),
  ('fe0eb10a-9776-44e5-a2a3-c7da413cd053', '9683c200-e938-45db-a12d-b0cbf7b62152', null, null, '{"tipo":"fija","valor":3}'::jsonb),
  ('fe0eb10a-9776-44e5-a2a3-c7da413cd053', '9683c200-e938-45db-a12d-b0cbf7b62152', null, null, '{"tipo":"fija","valor":4}'::jsonb),
  ('fe0eb10a-9776-44e5-a2a3-c7da413cd053', '75abcce2-f2f7-47f4-a80f-ad5c6babbf69', null, null, '{"tipo":"fija","valor":8}'::jsonb),
  ('fe0eb10a-9776-44e5-a2a3-c7da413cd053', 'e9c8416e-ebbd-49bd-a4e8-95f6f4760bfe', null, null, '{"tipo":"fija","valor":4}'::jsonb),
  ('fe0eb10a-9776-44e5-a2a3-c7da413cd053', 'ebf1c213-043a-4bb9-a713-809b296751b3', null, null, '{"tipo":"fija","valor":16}'::jsonb),
  ('fe0eb10a-9776-44e5-a2a3-c7da413cd053', '92ebdd02-f24a-4314-aa5b-7eece5f5aa32', null, null, '{"tipo":"fija","valor":2}'::jsonb),
  ('52281f3d-1788-41cb-a897-83b20bb7eddb', '533d3bbb-1eb8-4198-ac4d-241ebccf9037', null, null, '{"tipo":"fija","valor":2}'::jsonb),
  ('52281f3d-1788-41cb-a897-83b20bb7eddb', '533d3bbb-1eb8-4198-ac4d-241ebccf9037', null, null, '{"tipo":"fija","valor":2}'::jsonb),
  ('52281f3d-1788-41cb-a897-83b20bb7eddb', '75abcce2-f2f7-47f4-a80f-ad5c6babbf69', null, null, '{"tipo":"fija","valor":8}'::jsonb),
  ('52281f3d-1788-41cb-a897-83b20bb7eddb', 'e9c8416e-ebbd-49bd-a4e8-95f6f4760bfe', null, null, '{"tipo":"fija","valor":4}'::jsonb),
  ('52281f3d-1788-41cb-a897-83b20bb7eddb', '533d3bbb-1eb8-4198-ac4d-241ebccf9037', null, null, '{"tipo":"fija","valor":2}'::jsonb),
  ('52281f3d-1788-41cb-a897-83b20bb7eddb', '533d3bbb-1eb8-4198-ac4d-241ebccf9037', null, null, '{"tipo":"fija","valor":2}'::jsonb),
  ('52281f3d-1788-41cb-a897-83b20bb7eddb', '75abcce2-f2f7-47f4-a80f-ad5c6babbf69', null, null, '{"tipo":"fija","valor":8}'::jsonb),
  ('52281f3d-1788-41cb-a897-83b20bb7eddb', 'e9c8416e-ebbd-49bd-a4e8-95f6f4760bfe', null, null, '{"tipo":"fija","valor":4}'::jsonb),
  ('72ac55cc-297a-4fc0-ac2e-1a9c343e56df', '43aa6d9d-b36f-482e-a4ab-2bef6f182d53', null, null, '{"tipo":"fija","valor":4}'::jsonb),
  ('72ac55cc-297a-4fc0-ac2e-1a9c343e56df', 'b0e9c212-1dbf-4941-a5e8-58edd81f49a7', null, null, '{"tipo":"fija","valor":2}'::jsonb),
  ('72ac55cc-297a-4fc0-ac2e-1a9c343e56df', 'b0e9c212-1dbf-4941-a5e8-58edd81f49a7', null, null, '{"tipo":"fija","valor":4}'::jsonb),
  ('72ac55cc-297a-4fc0-ac2e-1a9c343e56df', 'b0e9c212-1dbf-4941-a5e8-58edd81f49a7', null, null, '{"tipo":"fija","valor":2}'::jsonb),
  ('72ac55cc-297a-4fc0-ac2e-1a9c343e56df', 'b0e9c212-1dbf-4941-a5e8-58edd81f49a7', null, null, '{"tipo":"fija","valor":2}'::jsonb),
  ('72ac55cc-297a-4fc0-ac2e-1a9c343e56df', '9683c200-e938-45db-a12d-b0cbf7b62152', null, null, '{"tipo":"fija","valor":5}'::jsonb),
  ('72ac55cc-297a-4fc0-ac2e-1a9c343e56df', '9683c200-e938-45db-a12d-b0cbf7b62152', null, null, '{"tipo":"fija","valor":4}'::jsonb),
  ('72ac55cc-297a-4fc0-ac2e-1a9c343e56df', '75abcce2-f2f7-47f4-a80f-ad5c6babbf69', null, null, '{"tipo":"fija","valor":8}'::jsonb),
  ('72ac55cc-297a-4fc0-ac2e-1a9c343e56df', 'e9c8416e-ebbd-49bd-a4e8-95f6f4760bfe', null, null, '{"tipo":"fija","valor":4}'::jsonb),
  ('72ac55cc-297a-4fc0-ac2e-1a9c343e56df', '83e5cbaf-2d2c-410d-a629-c8676c0c1ec4', null, null, '{"tipo":"fija","valor":8}'::jsonb),
  ('72ac55cc-297a-4fc0-ac2e-1a9c343e56df', 'dc78e661-adb6-4c30-aaf4-51bd65c05072', null, null, '{"tipo":"fija","valor":2}'::jsonb),
  ('72ac55cc-297a-4fc0-ac2e-1a9c343e56df', 'c4f657d2-aaf9-4c08-a9c8-727455a8424f', null, null, '{"tipo":"fija","valor":2}'::jsonb),
  ('0d76effb-e393-426f-ab8c-9866a708f458', '43aa6d9d-b36f-482e-a4ab-2bef6f182d53', null, null, '{"tipo":"fija","valor":2}'::jsonb),
  ('0d76effb-e393-426f-ab8c-9866a708f458', 'b0e9c212-1dbf-4941-a5e8-58edd81f49a7', null, null, '{"tipo":"fija","valor":2}'::jsonb),
  ('0d76effb-e393-426f-ab8c-9866a708f458', 'b0e9c212-1dbf-4941-a5e8-58edd81f49a7', null, null, '{"tipo":"fija","valor":4}'::jsonb),
  ('0d76effb-e393-426f-ab8c-9866a708f458', 'b0e9c212-1dbf-4941-a5e8-58edd81f49a7', null, null, '{"tipo":"fija","valor":2}'::jsonb),
  ('0d76effb-e393-426f-ab8c-9866a708f458', 'b0e9c212-1dbf-4941-a5e8-58edd81f49a7', null, null, '{"tipo":"fija","valor":2}'::jsonb),
  ('0d76effb-e393-426f-ab8c-9866a708f458', '9683c200-e938-45db-a12d-b0cbf7b62152', null, null, '{"tipo":"fija","valor":3}'::jsonb),
  ('0d76effb-e393-426f-ab8c-9866a708f458', '9683c200-e938-45db-a12d-b0cbf7b62152', null, null, '{"tipo":"fija","valor":4}'::jsonb),
  ('0d76effb-e393-426f-ab8c-9866a708f458', '75abcce2-f2f7-47f4-a80f-ad5c6babbf69', null, null, '{"tipo":"fija","valor":8}'::jsonb),
  ('0d76effb-e393-426f-ab8c-9866a708f458', 'e9c8416e-ebbd-49bd-a4e8-95f6f4760bfe', null, null, '{"tipo":"fija","valor":4}'::jsonb),
  ('0d76effb-e393-426f-ab8c-9866a708f458', '83e5cbaf-2d2c-410d-a629-c8676c0c1ec4', null, null, '{"tipo":"fija","valor":8}'::jsonb),
  ('0d76effb-e393-426f-ab8c-9866a708f458', 'dc78e661-adb6-4c30-aaf4-51bd65c05072', null, null, '{"tipo":"fija","valor":1}'::jsonb),
  ('55c93152-e775-45b2-aa59-152961d92bed', '43aa6d9d-b36f-482e-a4ab-2bef6f182d53', null, null, '{"tipo":"fija","valor":4}'::jsonb),
  ('55c93152-e775-45b2-aa59-152961d92bed', 'b0e9c212-1dbf-4941-a5e8-58edd81f49a7', null, null, '{"tipo":"fija","valor":2}'::jsonb),
  ('55c93152-e775-45b2-aa59-152961d92bed', 'b0e9c212-1dbf-4941-a5e8-58edd81f49a7', null, null, '{"tipo":"fija","valor":6}'::jsonb),
  ('55c93152-e775-45b2-aa59-152961d92bed', 'b0e9c212-1dbf-4941-a5e8-58edd81f49a7', null, null, '{"tipo":"fija","valor":2}'::jsonb),
  ('55c93152-e775-45b2-aa59-152961d92bed', 'b0e9c212-1dbf-4941-a5e8-58edd81f49a7', null, null, '{"tipo":"fija","valor":2}'::jsonb),
  ('55c93152-e775-45b2-aa59-152961d92bed', '9683c200-e938-45db-a12d-b0cbf7b62152', null, null, '{"tipo":"fija","valor":3}'::jsonb),
  ('55c93152-e775-45b2-aa59-152961d92bed', '9683c200-e938-45db-a12d-b0cbf7b62152', null, null, '{"tipo":"fija","valor":4}'::jsonb),
  ('55c93152-e775-45b2-aa59-152961d92bed', '75abcce2-f2f7-47f4-a80f-ad5c6babbf69', null, null, '{"tipo":"fija","valor":8}'::jsonb),
  ('55c93152-e775-45b2-aa59-152961d92bed', 'e9c8416e-ebbd-49bd-a4e8-95f6f4760bfe', null, null, '{"tipo":"fija","valor":4}'::jsonb),
  ('55c93152-e775-45b2-aa59-152961d92bed', '83e5cbaf-2d2c-410d-a629-c8676c0c1ec4', null, null, '{"tipo":"fija","valor":12}'::jsonb),
  ('55c93152-e775-45b2-aa59-152961d92bed', 'dc78e661-adb6-4c30-aaf4-51bd65c05072', null, null, '{"tipo":"fija","valor":2}'::jsonb),
  ('30a1d3a4-14ac-40df-abbd-61dff273d546', '780f443e-d851-4460-a2e0-7a25724ecf6c', null, null, '{"tipo":"fija","valor":4}'::jsonb),
  ('30a1d3a4-14ac-40df-abbd-61dff273d546', '3ecae076-e20c-4f89-aebb-4a4d2906c770', null, null, '{"tipo":"fija","valor":2}'::jsonb),
  ('30a1d3a4-14ac-40df-abbd-61dff273d546', '3ecae076-e20c-4f89-aebb-4a4d2906c770', null, null, '{"tipo":"fija","valor":8}'::jsonb),
  ('30a1d3a4-14ac-40df-abbd-61dff273d546', '3ecae076-e20c-4f89-aebb-4a4d2906c770', null, null, '{"tipo":"fija","valor":2}'::jsonb),
  ('30a1d3a4-14ac-40df-abbd-61dff273d546', '3ecae076-e20c-4f89-aebb-4a4d2906c770', null, null, '{"tipo":"fija","valor":2}'::jsonb),
  ('30a1d3a4-14ac-40df-abbd-61dff273d546', '9683c200-e938-45db-a12d-b0cbf7b62152', null, null, '{"tipo":"fija","valor":3}'::jsonb),
  ('30a1d3a4-14ac-40df-abbd-61dff273d546', '9683c200-e938-45db-a12d-b0cbf7b62152', null, null, '{"tipo":"fija","valor":4}'::jsonb),
  ('30a1d3a4-14ac-40df-abbd-61dff273d546', '75abcce2-f2f7-47f4-a80f-ad5c6babbf69', null, null, '{"tipo":"fija","valor":8}'::jsonb),
  ('30a1d3a4-14ac-40df-abbd-61dff273d546', 'e9c8416e-ebbd-49bd-a4e8-95f6f4760bfe', null, null, '{"tipo":"fija","valor":4}'::jsonb),
  ('30a1d3a4-14ac-40df-abbd-61dff273d546', '83e5cbaf-2d2c-410d-a629-c8676c0c1ec4', null, null, '{"tipo":"fija","valor":16}'::jsonb),
  ('30a1d3a4-14ac-40df-abbd-61dff273d546', 'dc78e661-adb6-4c30-aaf4-51bd65c05072', null, null, '{"tipo":"fija","valor":2}'::jsonb),
  ('8f40e9ef-3474-4774-a51e-155e1be0fd68', '533d3bbb-1eb8-4198-ac4d-241ebccf9037', null, null, '{"tipo":"fija","valor":2}'::jsonb),
  ('8f40e9ef-3474-4774-a51e-155e1be0fd68', '533d3bbb-1eb8-4198-ac4d-241ebccf9037', null, null, '{"tipo":"fija","valor":2}'::jsonb),
  ('8f40e9ef-3474-4774-a51e-155e1be0fd68', '75abcce2-f2f7-47f4-a80f-ad5c6babbf69', null, null, '{"tipo":"fija","valor":8}'::jsonb),
  ('8f40e9ef-3474-4774-a51e-155e1be0fd68', 'e9c8416e-ebbd-49bd-a4e8-95f6f4760bfe', null, null, '{"tipo":"fija","valor":4}'::jsonb),
  ('c680ca95-c91c-45b1-a0bd-354b4b6ae3a4', '533d3bbb-1eb8-4198-ac4d-241ebccf9037', null, null, '{"tipo":"fija","valor":2}'::jsonb),
  ('c680ca95-c91c-45b1-a0bd-354b4b6ae3a4', '533d3bbb-1eb8-4198-ac4d-241ebccf9037', null, null, '{"tipo":"fija","valor":2}'::jsonb),
  ('c680ca95-c91c-45b1-a0bd-354b4b6ae3a4', '75abcce2-f2f7-47f4-a80f-ad5c6babbf69', null, null, '{"tipo":"fija","valor":8}'::jsonb),
  ('c680ca95-c91c-45b1-a0bd-354b4b6ae3a4', 'e9c8416e-ebbd-49bd-a4e8-95f6f4760bfe', null, null, '{"tipo":"fija","valor":4}'::jsonb),
  ('68fcd720-8d60-47f6-a372-2aa54f7c66c3', 'e70142ce-7c35-4d0f-a557-988405db12bf', null, null, '{"tipo":"fija","valor":1}'::jsonb),
  ('68fcd720-8d60-47f6-a372-2aa54f7c66c3', '128ceb22-281c-4ef7-a8a8-006968358de3', null, null, '{"tipo":"fija","valor":4}'::jsonb),
  ('68fcd720-8d60-47f6-a372-2aa54f7c66c3', '128ceb22-281c-4ef7-a8a8-006968358de3', null, null, '{"tipo":"fija","valor":4}'::jsonb),
  ('68fcd720-8d60-47f6-a372-2aa54f7c66c3', 'f2c277c5-eae9-4ff1-a0c8-520d37911af1', null, null, '{"tipo":"fija","valor":1}'::jsonb),
  ('68fcd720-8d60-47f6-a372-2aa54f7c66c3', 'd5a297c9-b3f9-462b-a4b8-1a60862e5168', null, null, '{"tipo":"fija","valor":2}'::jsonb),
  ('68fcd720-8d60-47f6-a372-2aa54f7c66c3', 'd5a297c9-b3f9-462b-a4b8-1a60862e5168', null, null, '{"tipo":"fija","valor":2}'::jsonb),
  ('68fcd720-8d60-47f6-a372-2aa54f7c66c3', 'd5a297c9-b3f9-462b-a4b8-1a60862e5168', null, null, '{"tipo":"fija","valor":3}'::jsonb),
  ('68fcd720-8d60-47f6-a372-2aa54f7c66c3', 'd5a297c9-b3f9-462b-a4b8-1a60862e5168', null, null, '{"tipo":"fija","valor":6}'::jsonb),
  ('68fcd720-8d60-47f6-a372-2aa54f7c66c3', '5abfd45b-4fa7-4b11-adb4-c69a50792795', null, null, '{"tipo":"fija","valor":2}'::jsonb),
  ('68fcd720-8d60-47f6-a372-2aa54f7c66c3', '97a352b8-e9a5-4e5d-a62c-7aae18dc1b96', null, null, '{"tipo":"fija","valor":2}'::jsonb),
  ('68fcd720-8d60-47f6-a372-2aa54f7c66c3', 'e9c8416e-ebbd-49bd-a4e8-95f6f4760bfe', null, null, '{"tipo":"fija","valor":4}'::jsonb),
  ('68fcd720-8d60-47f6-a372-2aa54f7c66c3', 'f1161f3c-ee71-40f4-af77-0c360892c0fe', null, null, '{"tipo":"fija","valor":8}'::jsonb),
  ('61844654-2df7-42ac-a8ee-ad13947861cb', 'e70142ce-7c35-4d0f-a557-988405db12bf', null, null, '{"tipo":"fija","valor":2}'::jsonb),
  ('61844654-2df7-42ac-a8ee-ad13947861cb', '128ceb22-281c-4ef7-a8a8-006968358de3', null, null, '{"tipo":"fija","valor":4}'::jsonb),
  ('61844654-2df7-42ac-a8ee-ad13947861cb', '128ceb22-281c-4ef7-a8a8-006968358de3', null, null, '{"tipo":"fija","valor":8}'::jsonb),
  ('61844654-2df7-42ac-a8ee-ad13947861cb', 'f2c277c5-eae9-4ff1-a0c8-520d37911af1', null, null, '{"tipo":"fija","valor":1}'::jsonb),
  ('61844654-2df7-42ac-a8ee-ad13947861cb', 'd5a297c9-b3f9-462b-a4b8-1a60862e5168', null, null, '{"tipo":"fija","valor":2}'::jsonb),
  ('61844654-2df7-42ac-a8ee-ad13947861cb', 'd5a297c9-b3f9-462b-a4b8-1a60862e5168', null, null, '{"tipo":"fija","valor":2}'::jsonb),
  ('61844654-2df7-42ac-a8ee-ad13947861cb', 'd5a297c9-b3f9-462b-a4b8-1a60862e5168', null, null, '{"tipo":"fija","valor":2}'::jsonb),
  ('61844654-2df7-42ac-a8ee-ad13947861cb', 'd5a297c9-b3f9-462b-a4b8-1a60862e5168', null, null, '{"tipo":"fija","valor":4}'::jsonb),
  ('61844654-2df7-42ac-a8ee-ad13947861cb', '5abfd45b-4fa7-4b11-adb4-c69a50792795', null, null, '{"tipo":"fija","valor":4}'::jsonb),
  ('61844654-2df7-42ac-a8ee-ad13947861cb', '97a352b8-e9a5-4e5d-a62c-7aae18dc1b96', null, null, '{"tipo":"fija","valor":4}'::jsonb),
  ('61844654-2df7-42ac-a8ee-ad13947861cb', 'e9c8416e-ebbd-49bd-a4e8-95f6f4760bfe', null, null, '{"tipo":"fija","valor":4}'::jsonb),
  ('61844654-2df7-42ac-a8ee-ad13947861cb', 'f1161f3c-ee71-40f4-af77-0c360892c0fe', null, null, '{"tipo":"fija","valor":8}'::jsonb),
  ('61844654-2df7-42ac-a8ee-ad13947861cb', '128ceb22-281c-4ef7-a8a8-006968358de3', null, null, '{"tipo":"fija","valor":4}'::jsonb),
  ('61844654-2df7-42ac-a8ee-ad13947861cb', 'f2c277c5-eae9-4ff1-a0c8-520d37911af1', null, null, '{"tipo":"fija","valor":1}'::jsonb),
  ('61844654-2df7-42ac-a8ee-ad13947861cb', 'd5a297c9-b3f9-462b-a4b8-1a60862e5168', null, null, '{"tipo":"fija","valor":2}'::jsonb),
  ('61844654-2df7-42ac-a8ee-ad13947861cb', 'd5a297c9-b3f9-462b-a4b8-1a60862e5168', null, null, '{"tipo":"fija","valor":2}'::jsonb),
  ('61844654-2df7-42ac-a8ee-ad13947861cb', 'e9c8416e-ebbd-49bd-a4e8-95f6f4760bfe', null, null, '{"tipo":"fija","valor":4}'::jsonb),
  ('07aa3c36-7295-4ed5-ae83-9e68716d6b71', '153b76e3-26e3-44e6-a496-923633e679f3', null, null, '{"tipo":"fija","valor":2}'::jsonb),
  ('07aa3c36-7295-4ed5-ae83-9e68716d6b71', 'e03d0006-d56a-4ab5-a4e9-4b7d351efc50', null, null, '{"tipo":"fija","valor":4}'::jsonb),
  ('07aa3c36-7295-4ed5-ae83-9e68716d6b71', 'addf3ea1-9e33-4dd1-ab88-ccd815f174c4', null, null, '{"tipo":"fija","valor":4}'::jsonb),
  ('07aa3c36-7295-4ed5-ae83-9e68716d6b71', '1f04cb67-402d-45ed-a934-312600444623', null, null, '{"tipo":"fija","valor":8}'::jsonb),
  ('07aa3c36-7295-4ed5-ae83-9e68716d6b71', 'cedebb0b-8ebf-488d-a48b-17fdbfd0d663', null, null, '{"tipo":"fija","valor":2}'::jsonb),
  ('07aa3c36-7295-4ed5-ae83-9e68716d6b71', 'cedebb0b-8ebf-488d-a48b-17fdbfd0d663', null, null, '{"tipo":"fija","valor":4}'::jsonb),
  ('07aa3c36-7295-4ed5-ae83-9e68716d6b71', '9683c200-e938-45db-a12d-b0cbf7b62152', null, null, '{"tipo":"fija","valor":4}'::jsonb),
  ('07aa3c36-7295-4ed5-ae83-9e68716d6b71', '9683c200-e938-45db-a12d-b0cbf7b62152', null, null, '{"tipo":"fija","valor":8}'::jsonb),
  ('07aa3c36-7295-4ed5-ae83-9e68716d6b71', 'e9c8416e-ebbd-49bd-a4e8-95f6f4760bfe', null, null, '{"tipo":"fija","valor":4}'::jsonb),
  ('0b7e75f2-05b5-4cb8-a92d-e4321fdfb1c9', '153b76e3-26e3-44e6-a496-923633e679f3', null, null, '{"tipo":"fija","valor":2}'::jsonb),
  ('0b7e75f2-05b5-4cb8-a92d-e4321fdfb1c9', 'e03d0006-d56a-4ab5-a4e9-4b7d351efc50', null, null, '{"tipo":"fija","valor":4}'::jsonb),
  ('0b7e75f2-05b5-4cb8-a92d-e4321fdfb1c9', 'addf3ea1-9e33-4dd1-ab88-ccd815f174c4', null, null, '{"tipo":"fija","valor":4}'::jsonb),
  ('0b7e75f2-05b5-4cb8-a92d-e4321fdfb1c9', '1f04cb67-402d-45ed-a934-312600444623', null, null, '{"tipo":"fija","valor":12}'::jsonb),
  ('0b7e75f2-05b5-4cb8-a92d-e4321fdfb1c9', 'cedebb0b-8ebf-488d-a48b-17fdbfd0d663', null, null, '{"tipo":"fija","valor":2}'::jsonb),
  ('0b7e75f2-05b5-4cb8-a92d-e4321fdfb1c9', 'cedebb0b-8ebf-488d-a48b-17fdbfd0d663', null, null, '{"tipo":"fija","valor":6}'::jsonb),
  ('0b7e75f2-05b5-4cb8-a92d-e4321fdfb1c9', '9683c200-e938-45db-a12d-b0cbf7b62152', null, null, '{"tipo":"fija","valor":4}'::jsonb),
  ('0b7e75f2-05b5-4cb8-a92d-e4321fdfb1c9', '9683c200-e938-45db-a12d-b0cbf7b62152', null, null, '{"tipo":"fija","valor":12}'::jsonb),
  ('0b7e75f2-05b5-4cb8-a92d-e4321fdfb1c9', 'e9c8416e-ebbd-49bd-a4e8-95f6f4760bfe', null, null, '{"tipo":"fija","valor":4}'::jsonb),
  ('e3d9917b-5b71-49db-a968-116779cf1e71', '153b76e3-26e3-44e6-a496-923633e679f3', null, null, '{"tipo":"fija","valor":2}'::jsonb),
  ('e3d9917b-5b71-49db-a968-116779cf1e71', 'e03d0006-d56a-4ab5-a4e9-4b7d351efc50', null, null, '{"tipo":"fija","valor":8}'::jsonb),
  ('e3d9917b-5b71-49db-a968-116779cf1e71', 'addf3ea1-9e33-4dd1-ab88-ccd815f174c4', null, null, '{"tipo":"fija","valor":4}'::jsonb),
  ('e3d9917b-5b71-49db-a968-116779cf1e71', '1f04cb67-402d-45ed-a934-312600444623', null, null, '{"tipo":"fija","valor":16}'::jsonb),
  ('e3d9917b-5b71-49db-a968-116779cf1e71', 'cedebb0b-8ebf-488d-a48b-17fdbfd0d663', null, null, '{"tipo":"fija","valor":2}'::jsonb),
  ('e3d9917b-5b71-49db-a968-116779cf1e71', 'cedebb0b-8ebf-488d-a48b-17fdbfd0d663', null, null, '{"tipo":"fija","valor":8}'::jsonb),
  ('e3d9917b-5b71-49db-a968-116779cf1e71', '9683c200-e938-45db-a12d-b0cbf7b62152', null, null, '{"tipo":"fija","valor":4}'::jsonb),
  ('e3d9917b-5b71-49db-a968-116779cf1e71', '9683c200-e938-45db-a12d-b0cbf7b62152', null, null, '{"tipo":"fija","valor":16}'::jsonb),
  ('e3d9917b-5b71-49db-a968-116779cf1e71', 'e9c8416e-ebbd-49bd-a4e8-95f6f4760bfe', null, null, '{"tipo":"fija","valor":4}'::jsonb),
  ('37fa14d3-473a-4976-a660-d8ca35b94d2f', 'addf3ea1-9e33-4dd1-ab88-ccd815f174c4', null, null, '{"tipo":"fija","valor":4}'::jsonb),
  ('37fa14d3-473a-4976-a660-d8ca35b94d2f', 'cedebb0b-8ebf-488d-a48b-17fdbfd0d663', null, null, '{"tipo":"fija","valor":2}'::jsonb),
  ('37fa14d3-473a-4976-a660-d8ca35b94d2f', 'cedebb0b-8ebf-488d-a48b-17fdbfd0d663', null, null, '{"tipo":"fija","valor":2}'::jsonb),
  ('37fa14d3-473a-4976-a660-d8ca35b94d2f', 'e9c8416e-ebbd-49bd-a4e8-95f6f4760bfe', null, null, '{"tipo":"fija","valor":4}'::jsonb),
  ('0b094bd4-addd-4e0e-a949-6aff2a5984d4', '222c4134-5c51-4f94-a657-ffd9e5776509', null, null, '{"tipo":"fija","valor":3}'::jsonb),
  ('0b094bd4-addd-4e0e-a949-6aff2a5984d4', 'dc4af9df-d883-41c2-a661-b0d0c1570c70', null, null, '{"tipo":"fija","valor":1}'::jsonb),
  ('0b094bd4-addd-4e0e-a949-6aff2a5984d4', '533d3bbb-1eb8-4198-ac4d-241ebccf9037', null, null, '{"tipo":"fija","valor":2}'::jsonb),
  ('0b094bd4-addd-4e0e-a949-6aff2a5984d4', '533d3bbb-1eb8-4198-ac4d-241ebccf9037', null, null, '{"tipo":"fija","valor":2}'::jsonb),
  ('0b094bd4-addd-4e0e-a949-6aff2a5984d4', 'c4f657d2-aaf9-4c08-a9c8-727455a8424f', null, null, '{"tipo":"fija","valor":24}'::jsonb),
  ('0b094bd4-addd-4e0e-a949-6aff2a5984d4', 'e9c8416e-ebbd-49bd-a4e8-95f6f4760bfe', null, null, '{"tipo":"fija","valor":4}'::jsonb),
  ('a0f0c6da-fa70-4f92-aba8-f0324a9e4a8d', 'a2132c22-1407-4719-a409-85e8ca8ff564', null, null, '{"tipo":"fija","valor":3}'::jsonb),
  ('a0f0c6da-fa70-4f92-aba8-f0324a9e4a8d', '2427c806-160f-436e-a6ee-624b4333ac01', null, null, '{"tipo":"fija","valor":1}'::jsonb),
  ('a0f0c6da-fa70-4f92-aba8-f0324a9e4a8d', 'c08f670d-2cf3-4175-ab85-9089aa9c7301', null, null, '{"tipo":"fija","valor":2}'::jsonb),
  ('a0f0c6da-fa70-4f92-aba8-f0324a9e4a8d', 'c08f670d-2cf3-4175-ab85-9089aa9c7301', null, null, '{"tipo":"fija","valor":2}'::jsonb),
  ('a0f0c6da-fa70-4f92-aba8-f0324a9e4a8d', 'd5a297c9-b3f9-462b-a4b8-1a60862e5168', null, null, '{"tipo":"fija","valor":1}'::jsonb),
  ('a0f0c6da-fa70-4f92-aba8-f0324a9e4a8d', 'd5a297c9-b3f9-462b-a4b8-1a60862e5168', null, null, '{"tipo":"fija","valor":2}'::jsonb),
  ('a0f0c6da-fa70-4f92-aba8-f0324a9e4a8d', 'd5a297c9-b3f9-462b-a4b8-1a60862e5168', null, null, '{"tipo":"fija","valor":4}'::jsonb),
  ('a0f0c6da-fa70-4f92-aba8-f0324a9e4a8d', 'd5a297c9-b3f9-462b-a4b8-1a60862e5168', null, null, '{"tipo":"fija","valor":4}'::jsonb),
  ('a0f0c6da-fa70-4f92-aba8-f0324a9e4a8d', 'e9c8416e-ebbd-49bd-a4e8-95f6f4760bfe', null, null, '{"tipo":"fija","valor":4}'::jsonb),
  ('18b9d136-e2b9-4b87-a227-149fa372b2c3', 'a2132c22-1407-4719-a409-85e8ca8ff564', null, null, '{"tipo":"fija","valor":6}'::jsonb),
  ('18b9d136-e2b9-4b87-a227-149fa372b2c3', '2427c806-160f-436e-a6ee-624b4333ac01', null, null, '{"tipo":"fija","valor":1}'::jsonb),
  ('18b9d136-e2b9-4b87-a227-149fa372b2c3', 'c08f670d-2cf3-4175-ab85-9089aa9c7301', null, null, '{"tipo":"fija","valor":2}'::jsonb),
  ('18b9d136-e2b9-4b87-a227-149fa372b2c3', 'cd6a6b8c-d450-4f75-a636-d33a1569f905', null, null, '{"tipo":"fija","valor":1}'::jsonb),
  ('18b9d136-e2b9-4b87-a227-149fa372b2c3', 'c08f670d-2cf3-4175-ab85-9089aa9c7301', null, null, '{"tipo":"fija","valor":2}'::jsonb),
  ('18b9d136-e2b9-4b87-a227-149fa372b2c3', 'd5a297c9-b3f9-462b-a4b8-1a60862e5168', null, null, '{"tipo":"fija","valor":1}'::jsonb),
  ('18b9d136-e2b9-4b87-a227-149fa372b2c3', 'd5a297c9-b3f9-462b-a4b8-1a60862e5168', null, null, '{"tipo":"fija","valor":4}'::jsonb),
  ('18b9d136-e2b9-4b87-a227-149fa372b2c3', 'd5a297c9-b3f9-462b-a4b8-1a60862e5168', null, null, '{"tipo":"fija","valor":4}'::jsonb),
  ('18b9d136-e2b9-4b87-a227-149fa372b2c3', 'd5a297c9-b3f9-462b-a4b8-1a60862e5168', null, null, '{"tipo":"fija","valor":4}'::jsonb),
  ('18b9d136-e2b9-4b87-a227-149fa372b2c3', 'e9c8416e-ebbd-49bd-a4e8-95f6f4760bfe', null, null, '{"tipo":"fija","valor":4}'::jsonb),
  ('acf512a0-4686-4a2c-a229-831b443faab8', 'e03d0006-d56a-4ab5-a4e9-4b7d351efc50', null, null, '{"tipo":"fija","valor":2}'::jsonb),
  ('acf512a0-4686-4a2c-a229-831b443faab8', 'c4709852-85f9-4173-a89b-59359ba91b03', null, null, '{"tipo":"fija","valor":2}'::jsonb),
  ('acf512a0-4686-4a2c-a229-831b443faab8', 'c4709852-85f9-4173-a89b-59359ba91b03', null, null, '{"tipo":"fija","valor":2}'::jsonb),
  ('acf512a0-4686-4a2c-a229-831b443faab8', '26235753-09eb-41d8-aecd-d3c1d7db7308', null, null, '{"tipo":"fija","valor":1}'::jsonb),
  ('acf512a0-4686-4a2c-a229-831b443faab8', '26235753-09eb-41d8-aecd-d3c1d7db7308', null, null, '{"tipo":"fija","valor":2}'::jsonb),
  ('acf512a0-4686-4a2c-a229-831b443faab8', 'f1161f3c-ee71-40f4-af77-0c360892c0fe', null, null, '{"tipo":"fija","valor":5}'::jsonb),
  ('acf512a0-4686-4a2c-a229-831b443faab8', '9683c200-e938-45db-a12d-b0cbf7b62152', null, null, '{"tipo":"fija","valor":2}'::jsonb),
  ('e20d7242-79ce-436b-aa48-74b0c50e50ed', 'e03d0006-d56a-4ab5-a4e9-4b7d351efc50', null, null, '{"tipo":"fija","valor":4}'::jsonb),
  ('e20d7242-79ce-436b-aa48-74b0c50e50ed', 'bdedfe4b-2b56-494f-a297-1a7970f688a9', null, null, '{"tipo":"fija","valor":8}'::jsonb),
  ('e20d7242-79ce-436b-aa48-74b0c50e50ed', '6ed2fa91-679f-4b05-ae2b-067dee5f35f5', null, null, '{"tipo":"fija","valor":4}'::jsonb),
  ('e20d7242-79ce-436b-aa48-74b0c50e50ed', '940bc344-a385-43c1-a090-ea6585cdfb17', null, null, '{"tipo":"fija","valor":26}'::jsonb),
  ('e20d7242-79ce-436b-aa48-74b0c50e50ed', '75abcce2-f2f7-47f4-a80f-ad5c6babbf69', null, null, '{"tipo":"fija","valor":4}'::jsonb),
  ('e20d7242-79ce-436b-aa48-74b0c50e50ed', '533d3bbb-1eb8-4198-ac4d-241ebccf9037', null, null, '{"tipo":"fija","valor":2}'::jsonb),
  ('e20d7242-79ce-436b-aa48-74b0c50e50ed', '533d3bbb-1eb8-4198-ac4d-241ebccf9037', null, null, '{"tipo":"fija","valor":4}'::jsonb),
  ('c221e464-9bf9-454e-a023-e4f6dad154e3', 'e03d0006-d56a-4ab5-a4e9-4b7d351efc50', null, null, '{"tipo":"fija","valor":2}'::jsonb),
  ('c221e464-9bf9-454e-a023-e4f6dad154e3', 'bdedfe4b-2b56-494f-a297-1a7970f688a9', null, null, '{"tipo":"fija","valor":8}'::jsonb),
  ('c221e464-9bf9-454e-a023-e4f6dad154e3', '6ed2fa91-679f-4b05-ae2b-067dee5f35f5', null, null, '{"tipo":"fija","valor":2}'::jsonb),
  ('c221e464-9bf9-454e-a023-e4f6dad154e3', '940bc344-a385-43c1-a090-ea6585cdfb17', null, null, '{"tipo":"fija","valor":26}'::jsonb),
  ('c221e464-9bf9-454e-a023-e4f6dad154e3', '75abcce2-f2f7-47f4-a80f-ad5c6babbf69', null, null, '{"tipo":"fija","valor":4}'::jsonb),
  ('c221e464-9bf9-454e-a023-e4f6dad154e3', '533d3bbb-1eb8-4198-ac4d-241ebccf9037', null, null, '{"tipo":"fija","valor":2}'::jsonb),
  ('c221e464-9bf9-454e-a023-e4f6dad154e3', '533d3bbb-1eb8-4198-ac4d-241ebccf9037', null, null, '{"tipo":"fija","valor":4}'::jsonb),
  ('a9f9ae78-593e-4a25-ac17-6660a35a561b', 'e03d0006-d56a-4ab5-a4e9-4b7d351efc50', null, null, '{"tipo":"fija","valor":4}'::jsonb),
  ('a9f9ae78-593e-4a25-ac17-6660a35a561b', 'bdedfe4b-2b56-494f-a297-1a7970f688a9', null, null, '{"tipo":"fija","valor":16}'::jsonb),
  ('a9f9ae78-593e-4a25-ac17-6660a35a561b', '6ed2fa91-679f-4b05-ae2b-067dee5f35f5', null, null, '{"tipo":"fija","valor":2}'::jsonb),
  ('a9f9ae78-593e-4a25-ac17-6660a35a561b', '6ed2fa91-679f-4b05-ae2b-067dee5f35f5', null, null, '{"tipo":"fija","valor":2}'::jsonb),
  ('a9f9ae78-593e-4a25-ac17-6660a35a561b', '940bc344-a385-43c1-a090-ea6585cdfb17', null, null, '{"tipo":"fija","valor":60}'::jsonb),
  ('a9f9ae78-593e-4a25-ac17-6660a35a561b', '75abcce2-f2f7-47f4-a80f-ad5c6babbf69', null, null, '{"tipo":"fija","valor":4}'::jsonb),
  ('a9f9ae78-593e-4a25-ac17-6660a35a561b', '533d3bbb-1eb8-4198-ac4d-241ebccf9037', null, null, '{"tipo":"fija","valor":2}'::jsonb),
  ('a9f9ae78-593e-4a25-ac17-6660a35a561b', '533d3bbb-1eb8-4198-ac4d-241ebccf9037', null, null, '{"tipo":"fija","valor":8}'::jsonb),
  ('7abe7bc1-483a-4dd5-abd2-8781f9d78385', 'cd01d6f9-9e15-45ae-aa60-a88445a86cb3', null, null, '{"tipo":"fija","valor":3}'::jsonb),
  ('7abe7bc1-483a-4dd5-abd2-8781f9d78385', '75abcce2-f2f7-47f4-a80f-ad5c6babbf69', null, null, '{"tipo":"fija","valor":24}'::jsonb),
  ('7abe7bc1-483a-4dd5-abd2-8781f9d78385', 'e59263c4-70ab-4612-aee5-a96a4f2520cf', null, null, '{"tipo":"fija","valor":1}'::jsonb),
  ('7abe7bc1-483a-4dd5-abd2-8781f9d78385', 'faf9d10a-483c-4bde-a5e9-128e4cb2e31c', null, null, '{"tipo":"fija","valor":1}'::jsonb),
  ('7abe7bc1-483a-4dd5-abd2-8781f9d78385', 'e714bbca-b4f4-4b95-a2c3-8a60006180c7', null, null, '{"tipo":"fija","valor":6}'::jsonb),
  ('7abe7bc1-483a-4dd5-abd2-8781f9d78385', 'c4f657d2-aaf9-4c08-a9c8-727455a8424f', null, null, '{"tipo":"fija","valor":20}'::jsonb),
  ('7abe7bc1-483a-4dd5-abd2-8781f9d78385', 'a9bbfdbb-524a-495f-a557-0b072ad6dbf1', null, null, '{"tipo":"fija","valor":2}'::jsonb),
  ('7abe7bc1-483a-4dd5-abd2-8781f9d78385', '0e375513-878f-4d27-a481-1156f5afb5d7', null, null, '{"tipo":"fija","valor":4}'::jsonb),
  ('7abe7bc1-483a-4dd5-abd2-8781f9d78385', '3c6baa06-6809-426f-ab82-6a174bf662a7', null, null, '{"tipo":"fija","valor":2}'::jsonb),
  ('23b4791a-dca2-4520-a1de-e44e2d27cb48', 'e03d0006-d56a-4ab5-a4e9-4b7d351efc50', null, null, '{"tipo":"fija","valor":2}'::jsonb),
  ('23b4791a-dca2-4520-a1de-e44e2d27cb48', '67fc8e49-34fe-48bd-a2fa-0788f508d240', null, null, '{"tipo":"fija","valor":1}'::jsonb),
  ('23b4791a-dca2-4520-a1de-e44e2d27cb48', '613651f6-f875-449b-a411-497a01e8fdaf', null, null, '{"tipo":"fija","valor":4}'::jsonb),
  ('23b4791a-dca2-4520-a1de-e44e2d27cb48', 'ebf1c213-043a-4bb9-a713-809b296751b3', null, null, '{"tipo":"fija","valor":4}'::jsonb),
  ('23b4791a-dca2-4520-a1de-e44e2d27cb48', '940bc344-a385-43c1-a090-ea6585cdfb17', null, null, '{"tipo":"fija","valor":1}'::jsonb),
  ('05d5f562-8f1e-4232-a34a-91780fbdb24e', 'e03d0006-d56a-4ab5-a4e9-4b7d351efc50', null, null, '{"tipo":"fija","valor":4}'::jsonb),
  ('05d5f562-8f1e-4232-a34a-91780fbdb24e', '67fc8e49-34fe-48bd-a2fa-0788f508d240', null, null, '{"tipo":"fija","valor":2}'::jsonb),
  ('05d5f562-8f1e-4232-a34a-91780fbdb24e', '613651f6-f875-449b-a411-497a01e8fdaf', null, null, '{"tipo":"fija","valor":4}'::jsonb),
  ('05d5f562-8f1e-4232-a34a-91780fbdb24e', 'ebf1c213-043a-4bb9-a713-809b296751b3', null, null, '{"tipo":"fija","valor":4}'::jsonb),
  ('05d5f562-8f1e-4232-a34a-91780fbdb24e', '940bc344-a385-43c1-a090-ea6585cdfb17', null, null, '{"tipo":"fija","valor":14}'::jsonb),
  ('05d5f562-8f1e-4232-a34a-91780fbdb24e', 'a96c1e52-14c6-4687-aa82-d320835b0a7b', null, null, '{"tipo":"fija","valor":1}'::jsonb),
  ('05d5f562-8f1e-4232-a34a-91780fbdb24e', '26bb306b-7bc8-4ff0-a49d-a2432788bf3e', null, null, '{"tipo":"fija","valor":1}'::jsonb),
  ('91352714-db15-4371-ae8b-e4ec8fc343bb', '90f482ec-8d08-423a-a380-5d4e07211000', null, null, '{"tipo":"fija","valor":3}'::jsonb),
  ('91352714-db15-4371-ae8b-e4ec8fc343bb', 'df7ae582-69cf-4d0d-a30d-af7cea3e861f', null, null, '{"tipo":"fija","valor":1}'::jsonb),
  ('91352714-db15-4371-ae8b-e4ec8fc343bb', '1ba57093-24a6-4924-a34b-09154265b95d', null, null, '{"tipo":"fija","valor":1}'::jsonb),
  ('91352714-db15-4371-ae8b-e4ec8fc343bb', '1ba57093-24a6-4924-a34b-09154265b95d', null, null, '{"tipo":"fija","valor":2}'::jsonb),
  ('1650f925-751d-415d-ac2b-9b28d62ccfb9', '90f482ec-8d08-423a-a380-5d4e07211000', null, null, '{"tipo":"fija","valor":9}'::jsonb),
  ('1650f925-751d-415d-ac2b-9b28d62ccfb9', 'd05434ff-a4a9-492d-aa6c-2ab364508908', null, null, '{"tipo":"fija","valor":2}'::jsonb),
  ('1650f925-751d-415d-ac2b-9b28d62ccfb9', '67fc8e49-34fe-48bd-a2fa-0788f508d240', null, null, '{"tipo":"fija","valor":1}'::jsonb),
  ('1650f925-751d-415d-ac2b-9b28d62ccfb9', '1ba57093-24a6-4924-a34b-09154265b95d', null, null, '{"tipo":"fija","valor":1}'::jsonb),
  ('1650f925-751d-415d-ac2b-9b28d62ccfb9', '1ba57093-24a6-4924-a34b-09154265b95d', null, null, '{"tipo":"fija","valor":2}'::jsonb),
  ('abf1ed0d-1ba2-4dde-aa8f-34eefeef545b', '90f482ec-8d08-423a-a380-5d4e07211000', null, null, '{"tipo":"fija","valor":8}'::jsonb),
  ('abf1ed0d-1ba2-4dde-aa8f-34eefeef545b', '3d4e03df-34e1-4d18-a714-6c55206e3e47', null, null, '{"tipo":"fija","valor":2}'::jsonb),
  ('abf1ed0d-1ba2-4dde-aa8f-34eefeef545b', '67fc8e49-34fe-48bd-a2fa-0788f508d240', null, null, '{"tipo":"fija","valor":1}'::jsonb),
  ('abf1ed0d-1ba2-4dde-aa8f-34eefeef545b', '1ba57093-24a6-4924-a34b-09154265b95d', null, null, '{"tipo":"fija","valor":1}'::jsonb),
  ('abf1ed0d-1ba2-4dde-aa8f-34eefeef545b', '1ba57093-24a6-4924-a34b-09154265b95d', null, null, '{"tipo":"fija","valor":2}'::jsonb),
  ('abf1ed0d-1ba2-4dde-aa8f-34eefeef545b', '1ba57093-24a6-4924-a34b-09154265b95d', null, null, '{"tipo":"fija","valor":1}'::jsonb),
  ('abf1ed0d-1ba2-4dde-aa8f-34eefeef545b', '1ba57093-24a6-4924-a34b-09154265b95d', null, null, '{"tipo":"fija","valor":2}'::jsonb),
  ('abf1ed0d-1ba2-4dde-aa8f-34eefeef545b', 'ae5e7b66-78af-4a6f-a63d-1280bae289a1', null, null, '{"tipo":"fija","valor":1}'::jsonb),
  ('abf1ed0d-1ba2-4dde-aa8f-34eefeef545b', 'ae5e7b66-78af-4a6f-a63d-1280bae289a1', null, null, '{"tipo":"fija","valor":1}'::jsonb),
  ('abf1ed0d-1ba2-4dde-aa8f-34eefeef545b', '72236270-d29b-4d08-a8d1-9eb0405504e8', null, null, '{"tipo":"fija","valor":1}'::jsonb),
  ('abf1ed0d-1ba2-4dde-aa8f-34eefeef545b', 'acdf02be-e655-4010-a3ac-c212c107b15d', null, null, '{"tipo":"fija","valor":2}'::jsonb),
  ('abf1ed0d-1ba2-4dde-aa8f-34eefeef545b', '19f5f091-80ea-4acc-ad24-1270b3623dd8', null, null, '{"tipo":"fija","valor":2}'::jsonb),
  ('51d0b5b8-ee13-4916-ab98-6c0429a7c207', '90f482ec-8d08-423a-a380-5d4e07211000', null, null, '{"tipo":"fija","valor":8}'::jsonb),
  ('51d0b5b8-ee13-4916-ab98-6c0429a7c207', '96b3b559-cbc2-4145-aa50-5bc56a472b2b', null, null, '{"tipo":"fija","valor":2}'::jsonb),
  ('51d0b5b8-ee13-4916-ab98-6c0429a7c207', '67fc8e49-34fe-48bd-a2fa-0788f508d240', null, null, '{"tipo":"fija","valor":1}'::jsonb),
  ('51d0b5b8-ee13-4916-ab98-6c0429a7c207', '1ba57093-24a6-4924-a34b-09154265b95d', null, null, '{"tipo":"fija","valor":1}'::jsonb),
  ('51d0b5b8-ee13-4916-ab98-6c0429a7c207', '1ba57093-24a6-4924-a34b-09154265b95d', null, null, '{"tipo":"fija","valor":2}'::jsonb),
  ('51d0b5b8-ee13-4916-ab98-6c0429a7c207', '1ba57093-24a6-4924-a34b-09154265b95d', null, null, '{"tipo":"fija","valor":1}'::jsonb),
  ('51d0b5b8-ee13-4916-ab98-6c0429a7c207', '1ba57093-24a6-4924-a34b-09154265b95d', null, null, '{"tipo":"fija","valor":2}'::jsonb),
  ('51d0b5b8-ee13-4916-ab98-6c0429a7c207', 'ae5e7b66-78af-4a6f-a63d-1280bae289a1', null, null, '{"tipo":"fija","valor":1}'::jsonb),
  ('51d0b5b8-ee13-4916-ab98-6c0429a7c207', 'ae5e7b66-78af-4a6f-a63d-1280bae289a1', null, null, '{"tipo":"fija","valor":1}'::jsonb),
  ('51d0b5b8-ee13-4916-ab98-6c0429a7c207', 'ae5e7b66-78af-4a6f-a63d-1280bae289a1', null, null, '{"tipo":"fija","valor":1}'::jsonb),
  ('51d0b5b8-ee13-4916-ab98-6c0429a7c207', '87b9740c-b25b-4a8b-a235-7aec6d13210c', null, null, '{"tipo":"fija","valor":1}'::jsonb),
  ('51d0b5b8-ee13-4916-ab98-6c0429a7c207', '87b9740c-b25b-4a8b-a235-7aec6d13210c', null, null, '{"tipo":"fija","valor":1}'::jsonb),
  ('51d0b5b8-ee13-4916-ab98-6c0429a7c207', 'acdf02be-e655-4010-a3ac-c212c107b15d', null, null, '{"tipo":"fija","valor":1}'::jsonb),
  ('51d0b5b8-ee13-4916-ab98-6c0429a7c207', 'acdf02be-e655-4010-a3ac-c212c107b15d', null, null, '{"tipo":"fija","valor":1}'::jsonb),
  ('51d0b5b8-ee13-4916-ab98-6c0429a7c207', '19f5f091-80ea-4acc-ad24-1270b3623dd8', null, null, '{"tipo":"fija","valor":1}'::jsonb),
  ('51d0b5b8-ee13-4916-ab98-6c0429a7c207', '19f5f091-80ea-4acc-ad24-1270b3623dd8', null, null, '{"tipo":"fija","valor":1}'::jsonb);


-- Nuevas filas de herrajes_por_serie resueltas en la pasada de por_intermedios
-- (antes excluidas del seed por depender de INT_FIJO_L/INT_FIJO_A/INT_CORR_L/
-- INT_CORR_A / "2 * INT_CORR_L" — ver DATA_MODEL.md sec.3 y seed-pendientes.md).
insert into herrajes_por_serie (serie_id, herraje_id, nombre_manual, precio_manual, formula_cantidad) values
  ('61844654-2df7-42ac-a8ee-ad13947861cb', 'd5a297c9-b3f9-462b-a4b8-1a60862e5168', null, null, '{"tipo":"por_intermedios","sistema":"fijo","eje":"largo1","multiplicador":1}'::jsonb),
  ('61844654-2df7-42ac-a8ee-ad13947861cb', 'd5a297c9-b3f9-462b-a4b8-1a60862e5168', null, null, '{"tipo":"por_intermedios","sistema":"fijo","eje":"alto","multiplicador":1}'::jsonb),
  ('37fa14d3-473a-4976-a660-d8ca35b94d2f', 'cedebb0b-8ebf-488d-a48b-17fdbfd0d663', null, null, '{"tipo":"por_intermedios","sistema":"fijo","eje":"largo1","multiplicador":1}'::jsonb),
  ('37fa14d3-473a-4976-a660-d8ca35b94d2f', 'cedebb0b-8ebf-488d-a48b-17fdbfd0d663', null, null, '{"tipo":"por_intermedios","sistema":"fijo","eje":"alto","multiplicador":1}'::jsonb),
  ('0b094bd4-addd-4e0e-a949-6aff2a5984d4', '533d3bbb-1eb8-4198-ac4d-241ebccf9037', null, null, '{"tipo":"por_intermedios","sistema":"corredizo","eje":"largo1","multiplicador":1}'::jsonb),
  ('0b094bd4-addd-4e0e-a949-6aff2a5984d4', '533d3bbb-1eb8-4198-ac4d-241ebccf9037', null, null, '{"tipo":"por_intermedios","sistema":"corredizo","eje":"alto","multiplicador":1}'::jsonb),
  ('a0f0c6da-fa70-4f92-aba8-f0324a9e4a8d', 'cd6a6b8c-d450-4f75-a636-d33a1569f905', null, null, '{"tipo":"por_intermedios","sistema":"corredizo","eje":"largo1","multiplicador":2}'::jsonb);

-- ============================================================
-- 13. Factores Base (capturado manual desde el panel del HTML original,
-- no era un literal dbXxx en /seed-source — Carlos lo confirmó por
-- captura de pantalla del panel "Factores Base (Multiplicadores)")
-- Nota: el HTML lo llama "Crudo", que mapea a nuestro enum 'Cristal'
-- (cristal sin templar, en contraste con 'Templados').
-- ============================================================
insert into factores_base (tipo, valor) values
  ('AluEspanol'::factor_tipo_enum, 2.20),
  ('AluNacional'::factor_tipo_enum, 2.50),
  ('Cristal'::factor_tipo_enum, 2.50),
  ('Templados'::factor_tipo_enum, 2.20),
  ('Persianas'::factor_tipo_enum, 2.00);

commit;